"","p_val","avg_logFC","pct.1","pct.2","p_val_adj"
"Klrd1",2.92757119350469e-09,-1.02120115371205,0.009,0.231,9.09098682719011e-05
"Uba52",8.67477854455932e-09,-0.707568834080917,0.005,0.192,0.000269377898144201
"Tnip1",3.76260257129652e-08,-1.05567449748807,0.033,0.308,0.00116840097646471
"Grcc10",5.82789252437576e-08,-0.960507360799383,0.047,0.346,0.00180973546559441
"Rps12-ps3",6.06813318441174e-08,-0.83736797836268,0.023,0.269,0.00188433739775538
"Rps29",7.61652016440492e-08,-1.07503545880568,0.912,0.962,0.00236515800665266
"Gapdh",2.60839963986116e-07,-1.16301737094429,0.107,0.462,0.00809986340166087
"Rpl41",5.32830014138325e-07,-0.736563676988029,0.977,1,0.0165459704290374
"Stab2",5.38086357676345e-07,-0.65585521096896,0.005,0.154,0.0167091956649235
"Slc35e2",5.92195025932503e-07,-0.383256488779332,0,0.115,0.018389432140282
"Efcc1",5.92195025932503e-07,-0.510428845702574,0,0.115,0.018389432140282
"Sumf2",5.92195025932503e-07,-0.524350795328063,0,0.115,0.018389432140282
"Fam110b",5.92195025932503e-07,-0.57915072851933,0,0.115,0.018389432140282
"Gm10076",1.13176525110832e-06,-0.745611655307462,0.033,0.269,0.0351447063426667
"Rplp1",1.28937470416144e-06,-0.900013562338005,0.967,1,0.0400389526883253
"Rps27rt",1.75615146699041e-06,-1.19199426541384,0.34,0.692,0.0545337715044531
"Rpl37a",2.7396421181781e-06,-0.477381667906043,1,1,0.0850741066957844
"mt-Atp6",4.04582290973639e-06,0.532203817333976,0.995,1,0.125634938816044
"Rpl10-ps3",8.8031620671185e-06,-1.08742409945891,0.205,0.577,0.273364591670231
"Rps18",2.43908638879662e-05,-0.506445572933965,0.981,0.962,0.757409496313016
"Rpl38",2.57270821912357e-05,-0.745805689686262,0.907,0.962,0.798903083284443
"Fut11",3.10670266371476e-05,-0.608424968452775,0.005,0.115,0.964724378163344
"Rps28",3.67311798932463e-05,-0.706783551005818,0.87,0.962,1
"Rpl13a",3.72987994922019e-05,-0.763642946781184,0.674,0.808,1
"Tcrg-C1",4.02659886688101e-05,-1.43354063282687,0.093,0.346,1
"Xcl1",4.31233935243029e-05,-0.888186293141974,0.023,0.192,1
"Rpl37",4.94809184303984e-05,-0.582935293426955,0.967,1,1
"Kansl2",5.14167160903191e-05,-0.705600544717059,0.014,0.154,1
"Rpl35",5.78725732167713e-05,-1.129448581527,0.567,0.808,1
"Snrpg",5.90993440987337e-05,-0.767856541962008,0.163,0.5,1
"H2-T23",7.42276866569506e-05,-0.774894779181826,0.223,0.577,1
"Rassf2",7.59125238728672e-05,-0.465794698031578,0.014,0.154,1
"Rps8",8.23713348915244e-05,-0.370125248152015,0.995,1,1
"Ret",8.73251816861616e-05,-0.749507893578309,0.07,0.308,1
"Rps7",0.000100966438303252,-0.426841878375728,0.981,1,1
"Rpl36",0.000104750669205372,-0.381578348411407,0.991,1,1
"Gm10269",0.000124068358170091,-0.783473014413615,0.028,0.192,1
"Rasgrp1",0.000145450908755235,-0.770902429853123,0.056,0.269,1
"Rpl36a",0.000171786652904236,-0.625936777358316,0.758,0.885,1
"Sumo2",0.000182060883931445,0.948679875159834,0.628,0.192,1
"Rpl9-ps6",0.000194968888045502,-0.860792481049368,0.135,0.423,1
"Rpl29",0.000245758363390056,-0.827867960225331,0.647,0.808,1
"Tmem39a",0.000270550956000438,-0.614307536956563,0.019,0.154,1
"Pigo",0.000324643977638887,-0.472587714213707,0.009,0.115,1
"B4galt7",0.000324643977638887,-0.493516139582534,0.009,0.115,1
"Timm9",0.000324643977638887,-0.525893818191031,0.009,0.115,1
"H2-Q4",0.000337235383339637,-0.978147901701316,0.13,0.385,1
"Rpl27",0.000340016241238875,-0.495155656691532,0.009,0.115,1
"Arhgap26",0.000356067433075884,-0.416553550804238,0.009,0.115,1
"Aars",0.000356067433075884,-0.452589672439221,0.009,0.115,1
"Tpm1",0.000356067433075884,-0.460553656278506,0.009,0.115,1
"Polr2j",0.000362158107329249,-0.827192261973668,0.121,0.385,1
"Ctc1",0.000372825099867119,-0.410202684886655,0.009,0.115,1
"Slc41a3",0.000372825099867119,-0.510718631644181,0.009,0.115,1
"Zfp330",0.000374143213971501,-0.714636992061527,0.047,0.231,1
"Ndufa3",0.000386026850538683,-0.72466700328969,0.274,0.577,1
"Las1l",0.000426411378229283,-0.720612499167765,0.047,0.231,1
"Rplp2",0.000430853704278533,-0.489818344376777,0.995,1,1
"Deptor",0.000609850223461884,-0.604135264088228,0.149,0.423,1
"Atp5g2",0.000687631823710644,-0.51986787562407,0.553,0.885,1
"Ccdc115",0.000781838255656405,-0.653290731865746,0.07,0.269,1
"Rpl14",0.000828147573238732,0.29200531501893,0.995,1,1
"Atf7ip",0.000885176240166183,-0.688869343551077,0.037,0.192,1
"Smim27",0.000909636545291573,-0.676981160365028,0.037,0.192,1
"Nlk",0.000950099484629876,-0.50225853362203,0.023,0.154,1
"Rnaset2a",0.000981299547191942,-0.487870359019211,0.023,0.154,1
"Ifi27l2a",0.000983286725162862,-0.812434196816314,0.074,0.269,1
"Pitpnm1",0.00101387551097382,-0.72564360585364,0.037,0.192,1
"Ubb",0.00105768440272476,-0.458798791408388,0.986,0.962,1
"Lgals7",0.00115202530647805,-0.436361602455433,0.023,0.154,1
"Wdr83os",0.00115776722301202,-0.667057228825574,0.135,0.385,1
"Tmem176a",0.001203035853246,0.838202262066748,0.66,0.385,1
"Rps21",0.00121890804842038,-0.554086725173798,0.893,1,1
"Dnaja1",0.00125365742567025,0.825323669269997,0.805,0.577,1
"Rxrg",0.00129006617103396,-0.571952570800853,0.037,0.192,1
"Rps2",0.00133304168677561,-0.607560922647564,0.688,0.846,1
"Rpl21",0.00133847853336849,-0.401511011592755,0.912,0.846,1
"Dusp10",0.00157404098684591,-0.586601541597615,0.093,0.308,1
"Cox17",0.00158101038629497,-0.656722595212571,0.056,0.231,1
"Atp5e",0.00159844533878938,-0.511242183412437,0.526,0.731,1
"Paip1",0.00169248054625706,-0.403498278207165,0.014,0.115,1
"Ip6k2",0.00169248054625706,-0.556918541858273,0.014,0.115,1
"Rpl36a-ps1",0.00172801803649051,-0.702617745371074,0.042,0.192,1
"Rrp8",0.00175734034292291,-0.555465598000721,0.014,0.115,1
"Hhex",0.00182447834606296,-0.389195966431466,0.014,0.115,1
"Edem3",0.00182447834606296,-0.408909801060281,0.014,0.115,1
"Gpatch1",0.00182447834606296,-0.42054907672691,0.014,0.115,1
"Ypel5",0.00182447834606296,-0.434555337438553,0.014,0.115,1
"Dynlt1f",0.00182447834606296,-0.471641775907767,0.014,0.115,1
"Blcap",0.00189396611573379,-0.511848121065748,0.014,0.115,1
"Bola2",0.00190023864382737,-0.650085376629964,0.144,0.385,1
"Rps27",0.00191096097284368,-0.859696756136545,0.274,0.5,1
"Car2",0.00196587713427694,-0.345348772639557,0.014,0.115,1
"Rpl22l1",0.00209033650324163,0.400226371395805,0.902,0.808,1
"Pik3ca",0.00211727269826726,-0.399311993106917,0.014,0.115,1
"Ppp1r13b",0.00211958605887337,-0.542597309989926,0.028,0.154,1
"Myo1e",0.00211958605887337,-0.612201317819772,0.028,0.154,1
"Gnl1",0.00218162676590356,-0.591456695035342,0.028,0.154,1
"Srrm2",0.0022332509600461,0.715007781588847,0.651,0.385,1
"Itch",0.00231072941638483,-0.475731805010962,0.028,0.154,1
"Rccd1",0.00237787133226559,-0.584478924688023,0.028,0.154,1
"Pdcd10",0.00242725146091055,-0.618311885009436,0.153,0.385,1
"Gm11808",0.00261058447090086,-0.81061105668477,0.13,0.346,1
"Dkkl1",0.00274115985865584,-0.471824558244973,0.028,0.154,1
"Rab28",0.0028196394036569,-0.3656375498981,0.028,0.154,1
"Polr2l",0.0028196394036569,-0.444305490678839,0.028,0.154,1
"Nktr",0.00289019246641344,-0.764134425983739,0.135,0.346,1
"mt-Nd1",0.00291813742007688,0.472228101225488,0.921,0.885,1
"Dpm2",0.00308770491533571,-0.639956525340093,0.047,0.192,1
"Cst3",0.00343662176499564,1.08919021641407,0.344,0.077,1
"Rps24",0.00358160166380586,0.255541346386441,1,1,1
"Mitd1",0.00362493880126322,-0.653973068290119,0.047,0.192,1
"Ctla2a",0.00379024297720963,1.52068378675922,0.256,0,1
"Naa38",0.00392311336217448,-0.593891479030321,0.088,0.269,1
"Sla",0.00402894883210619,-0.769599796858287,0.135,0.346,1
"Rps6",0.00424673907594337,0.257544727521582,1,0.962,1
"Puf60",0.00433643868743303,-0.49946246689787,0.209,0.462,1
"Rpl3",0.0044503771893375,0.280561852244536,0.991,0.962,1
"Tmsb10",0.00465330208459602,-0.567598344704801,0.842,0.885,1
"Armc10",0.00487128687285036,-0.762503692194655,0.019,0.115,1
"Dtx1",0.00491471504532277,-0.733200703033092,0.033,0.154,1
"Pdrg1",0.00497774167449685,-0.65307429062134,0.116,0.308,1
"Tceanc2",0.00502874870445802,-0.489201102840248,0.019,0.115,1
"Eif2b3",0.00502874870445802,-0.585388938119849,0.019,0.115,1
"Enpp5",0.00504204546476186,-0.522821581982142,0.033,0.154,1
"Map3k4",0.00519079824197073,-0.454472556146875,0.019,0.115,1
"Parp1",0.00530569198503405,-0.457900165539193,0.033,0.154,1
"Lmo4",0.00531910409000771,-0.50741873725763,0.544,0.808,1
"Cd28",0.00535755167083603,-0.297638945092667,0.019,0.115,1
"Tyw1",0.00535755167083603,-0.408860940293009,0.019,0.115,1
"Zfp329",0.00535755167083603,-0.478656752678638,0.019,0.115,1
"Prdm2",0.00535755167083603,-0.666337318638739,0.019,0.115,1
"Hspa5",0.00541804716447258,0.541286845025235,0.707,0.5,1
"Slc52a2",0.00552912754874874,-0.37638114180271,0.019,0.115,1
"Ube2i",0.00561682522670289,0.956928345637184,0.349,0.077,1
"Il4",0.00568200668197064,-0.942250497410036,0.195,0.423,1
"Tmem11",0.00572454792591418,-0.412377517089634,0.033,0.154,1
"Zfyve27",0.00588723292909985,-0.429007157823664,0.019,0.115,1
"Cby1",0.00588723292909985,-0.459921304464034,0.019,0.115,1
"Rela",0.00597867546248014,-0.541044785931968,0.07,0.231,1
"Rpl36al",0.00599196536087356,-0.663471184830363,0.149,0.346,1
"Sdhc",0.006016414214146,-0.534011339493474,0.107,0.308,1
"Gm10138",0.00602011660709087,-0.401666337127546,0.033,0.154,1
"Bmi1",0.0060740116857486,-0.287319720308294,0.019,0.115,1
"Tox",0.00617299697125264,-0.403442935283078,0.033,0.154,1
"Gm10036",0.00621131501247265,-0.497722145041598,0.051,0.192,1
"Tomm6",0.00626611146097713,-0.354321305572044,0.019,0.115,1
"Parn",0.00626611146097713,-0.37615372506723,0.019,0.115,1
"Ppp2r5e",0.00626611146097713,-0.469570050435725,0.019,0.115,1
"Il13",0.00653775295264293,-0.901365976815294,0.093,0.269,1
"D5Ertd579e",0.00666680014182695,-0.269728658684251,0.019,0.115,1
"Gm10073",0.00675612144691755,-0.608103278645274,0.423,0.654,1
"Srebf2",0.00686756341473789,-0.590635545936035,0.093,0.269,1
"Vim",0.00701282890236743,1.16230007632029,0.228,0,1
"Fcmr",0.00718676561242988,-0.588245478905667,0.07,0.231,1
"Csf2",0.00765267787798868,-1.55042635247166,0.102,0.269,1
"Acot8",0.0082126543613949,-0.674079325148501,0.037,0.154,1
"Anapc13",0.00831475743941986,-0.581712679308561,0.116,0.308,1
"Grap",0.00863237758246161,-0.680646694308685,0.079,0.231,1
"Ly6a",0.00868162151250695,0.67111356844841,0.623,0.346,1
"mt-Co2",0.00942896848121304,0.32455412838496,0.935,0.885,1
"Rnf146",0.00956352256022321,-0.715643531766318,0.079,0.231,1
"Psmd13",0.00965486339616883,-0.502956559502027,0.098,0.269,1
"Zfp771",0.00976790172125095,-0.483532740668595,0.037,0.154,1
"BC031181",0.00989386098673594,-0.604291291956382,0.228,0.462,1
"Klf6",0.0099543537439066,-0.708189583543203,0.344,0.577,1
"Kdm6a",0.0101088837626317,-0.413138918323578,0.037,0.154,1
"Atp5g3",0.0101484624825996,0.942484422987627,0.26,0.038,1
"Slirp",0.0104068133042232,-0.680581577460147,0.079,0.231,1
"Btf3",0.0105079596229661,0.443554444430359,0.791,0.692,1
"Zmynd8",0.010579840926437,-0.490070712198118,0.037,0.154,1
"Cyhr1",0.0107833906991304,-0.494338152379372,0.056,0.192,1
"Cd37",0.0115872275848092,-0.645108053910327,0.395,0.615,1
"Rpl27-ps3",0.0117683511332739,-0.734625512592962,0.06,0.192,1
"Rasal3",0.0121629779219458,-0.445810804518463,0.144,0.346,1
"Eif3c",0.0122350357612769,0.976746385091476,0.256,0.038,1
"Xist",0.0122744730279208,-0.530704248214528,0.828,0.923,1
"Banf1",0.0123385588080458,-0.494601425133596,0.098,0.269,1
"Cxxc5",0.0124206859342789,-0.4170164351717,0.023,0.115,1
"9930021J03Rik",0.0124206859342789,-0.486663504179708,0.023,0.115,1
"Cd48",0.0125603650341599,0.95278372818074,0.251,0.038,1
"Ramp3",0.0126917766951854,1.01471561122906,0.2,0,1
"Add3",0.0127612123113948,-0.367582466725029,0.023,0.115,1
"Sharpin",0.0131099750598816,-0.321149781961043,0.023,0.115,1
"Rpl9",0.0131899585111408,-0.581712426201902,0.367,0.538,1
"Numa1",0.0132715605827461,-0.758596521890284,0.042,0.154,1
"Wapl",0.0132924781574644,-0.422479111410196,0.056,0.192,1
"Sumo1",0.0133772666262712,0.669042213395677,0.47,0.192,1
"Rpa1",0.0134671404987466,-0.428485037398337,0.023,0.115,1
"Ncf4",0.0138219352993847,-0.558750516988529,0.084,0.231,1
"Tmem259",0.013832877387791,-0.324466814756564,0.023,0.115,1
"Rab11fip2",0.013832877387791,-0.378284808941519,0.023,0.115,1
"Smarcb1",0.0140164092012577,-0.481645324960458,0.079,0.231,1
"Dpysl2",0.0142073569391163,-0.386990058648755,0.023,0.115,1
"4833420G17Rik",0.0142073569391163,-0.390959224852723,0.023,0.115,1
"Degs1",0.0146626834903032,-0.514322920296161,0.06,0.192,1
"Lamp1",0.0147104262050997,0.646283431707778,0.27,0.038,1
"Lrrk1",0.0147541573814629,-0.483246840025369,0.042,0.154,1
"Ier3ip1",0.0147754125386084,-0.574628327122519,0.181,0.385,1
"Fmc1",0.0149100175456477,-0.580426777796374,0.042,0.154,1
"Dpp9",0.014983241203067,-0.287711921999307,0.023,0.115,1
"Ddx5",0.0150902078574734,0.426116234633808,0.902,0.846,1
"Spry2",0.0152291543081982,-0.707495390639577,0.112,0.269,1
"Stk10",0.0153850006958988,-0.338640136792567,0.023,0.115,1
"Atg12",0.0153869126065254,-0.66566997392529,0.042,0.154,1
"Mbd1",0.0156919434862047,-0.508145049886006,0.084,0.231,1
"Agpat1",0.0157962124297868,-0.291100255636696,0.023,0.115,1
"Rpl31",0.01606885908762,-0.326944367250218,0.87,0.923,1
"Churc1",0.0161336649295602,-0.615033818636146,0.228,0.385,1
"Rpl11",0.0162930600638493,-0.292938955745175,0.94,0.962,1
"Marf1",0.0163808337007572,-0.471295100199621,0.042,0.154,1
"Sertad2",0.0163808337007572,-0.515106064147831,0.042,0.154,1
"Sh2b1",0.0165524085393031,-0.732392267619418,0.065,0.192,1
"Rps4x",0.0165709385242928,0.264184652950362,1,0.962,1
"Mrps18c",0.0167078222224008,-0.499405060691672,0.084,0.231,1
"Rbmx",0.0167244526931349,-0.443220443397317,0.042,0.154,1
"Sh3bgrl",0.0167244526931349,-0.644493452111445,0.042,0.154,1
"Ly6d",0.0167647550462598,-0.581258559150356,0.191,0.385,1
"Gm8369",0.0170743840695932,-0.503136072918544,0.042,0.154,1
"Sf3b3",0.0175071875810495,-0.490017076130882,0.084,0.231,1
"Gm8186",0.0175366707785753,-0.402237032156889,0.06,0.192,1
"Wdr18",0.0175366707785753,-0.438126451406462,0.06,0.192,1
"Rpl35a",0.0177502605419739,-0.255435276205547,0.977,1,1
"Rexo2",0.0177605255917475,0.850048718553073,0.288,0.077,1
"Selenop",0.0178462645217585,-0.716947555543635,0.14,0.308,1
"Mat2a",0.0180553305196352,0.846095183763363,0.33,0.115,1
"Tor1a",0.0181673513774742,-0.446217182685408,0.06,0.192,1
"Rps17",0.0183956532342105,-0.253764062932921,0.944,0.962,1
"Cd3d",0.0186250554287469,-0.655328975964934,0.084,0.231,1
"D8Ertd738e",0.0187587097495811,0.638687378072008,0.526,0.269,1
"Calm2",0.0190826864004074,0.587444256971156,0.549,0.308,1
"Dennd1c",0.0191506044586343,-0.327341990438441,0.06,0.192,1
"Npm1",0.0192330474463716,0.473885260310703,0.726,0.462,1
"Glo1",0.0194908230695397,-0.479881740934766,0.135,0.308,1
"S1pr4",0.0201098453588113,-0.427355157578093,0.084,0.231,1
"Fam32a",0.0202318930554105,0.862499418531069,0.228,0.038,1
"Ltb4r1",0.0204672314483374,0.762528648983268,0.242,0.038,1
"Trbc1",0.0207229132345176,-0.403883955565024,0.391,0.615,1
"Ppp1r35",0.0210494508183618,-0.477158466633405,0.084,0.231,1
"Son",0.0214507896825246,-0.583841183482161,0.442,0.577,1
"Chtop",0.0221000133536574,-0.449881562358267,0.112,0.269,1
"Nup85",0.0228578094510667,-0.499460000334666,0.028,0.115,1
"Eef1d",0.0229552952983372,0.498110038435053,0.702,0.538,1
"Ybx1",0.0229601345312444,0.459991764620511,0.647,0.385,1
"mt-Cytb",0.0230404593115432,0.261494402122444,0.944,0.885,1
"H3f3b",0.0231335928753201,0.63218131723755,0.94,0.962,1
"Ssna1",0.0231853212678472,-0.606284592803402,0.093,0.231,1
"Cers4",0.0232011527153185,-0.63583833745263,0.116,0.269,1
"Aatf",0.023422586918418,-0.441755516178528,0.047,0.154,1
"Cyth4",0.0240530369037486,-0.438737554208643,0.065,0.192,1
"Cops2",0.0243363625198752,-0.550680163673463,0.047,0.154,1
"Fam53a",0.0245378250687963,-0.41774471414118,0.028,0.115,1
"Sik3",0.02480472622239,-0.670086284041057,0.047,0.154,1
"Polr3d",0.0251208298209182,-0.429468029024234,0.028,0.115,1
"Taf5l",0.025121118913303,-0.402143621319505,0.028,0.115,1
"Mrpl52",0.0252526789691169,-0.494094138877562,0.191,0.385,1
"Slco3a1",0.0257163779584431,-0.419006170222928,0.028,0.115,1
"Ccdc85b",0.0257163779584431,-0.424191678547398,0.028,0.115,1
"Chmp2a",0.0262558919756172,0.757653246361363,0.27,0.077,1
"Snap29",0.026323797710939,-0.330336526811822,0.028,0.115,1
"Gstp3",0.026323797710939,-0.383571944494219,0.028,0.115,1
"Atf4",0.0264496086754995,-0.571530249713798,0.279,0.5,1
"Hspa8",0.0267987045216276,0.274700910715921,0.972,0.962,1
"Stk24",0.0269292765899169,0.646351915719749,0.237,0.038,1
"Abraxas2",0.0269435756517952,-0.385149302720127,0.028,0.115,1
"Ehbp1l1",0.0269435756517952,-0.439741455829666,0.028,0.115,1
"Derl1",0.0271664209316359,0.753351669118852,0.163,0,1
"Crlf3",0.0271708017394386,-0.4595654326819,0.088,0.231,1
"Leng1",0.0272654286596244,-0.406857885698503,0.047,0.154,1
"Srsf6",0.0273901466227145,0.696411608567709,0.321,0.115,1
"Swi5",0.0274882455666926,0.657353210042368,0.386,0.192,1
"Ankra2",0.0275759112273515,-0.3954691382397,0.028,0.115,1
"S100a13",0.0277153467195071,-0.386229421314247,0.247,0.462,1
"Il2",0.0277552650672416,-0.529988385530672,0.07,0.192,1
"Nabp1",0.0278652192366384,0.867487362732251,0.474,0.308,1
"Fam220a",0.0288407539334117,-0.36774761239313,0.047,0.154,1
"Larp4b",0.0288407539334117,-0.57429572883096,0.047,0.154,1
"Rbm48",0.0288790628350587,-0.322183361418239,0.028,0.115,1
"Aimp1",0.0291743235996715,-0.406163092918021,0.112,0.269,1
"Ndufa10",0.0294987704752034,-0.494738736004795,0.177,0.346,1
"Klhl24",0.0295295065259443,-0.454697188350946,0.093,0.231,1
"Uimc1",0.0295502874942764,-0.293901694197903,0.028,0.115,1
"Zfp688",0.0295502874942764,-0.326646840391157,0.028,0.115,1
"Mgea5",0.0297484766555622,-0.363212816505505,0.065,0.192,1
"Il1rl1",0.0298154759260133,0.837061824709689,0.158,0,1
"Zbtb38",0.0298154759260133,-0.589774556791165,0.126,0.269,1
"Smad7",0.0299339770385733,-0.346688392561103,0.047,0.154,1
"Slc38a10",0.0299339770385733,-0.424155765880878,0.047,0.154,1
"Cd160",0.0301132095504233,-0.39087952665399,0.163,0.346,1
"Erh",0.030493820683018,-0.342994911628506,0.047,0.154,1
"Rnf19b",0.030493820683018,-0.360229350174767,0.047,0.154,1
"Ost4",0.0308781914505191,-0.477521665632401,0.326,0.538,1
"Ctdsp2",0.0309330705167967,-0.275852320418025,0.028,0.115,1
"Ywhah",0.0310562194286747,0.720934951556865,0.209,0.038,1
"Ercc1",0.0310626344042052,-0.368828636971806,0.047,0.154,1
"Rnf167",0.0312164786975859,-0.315130849244777,0.065,0.192,1
"Mrpl13",0.0314822013230969,-0.488527908624871,0.07,0.192,1
"Tmem183a",0.0316405307324467,-0.333582650703002,0.047,0.154,1
"Ralgps2",0.0319769665823187,-0.402860928023531,0.07,0.192,1
"Cyb5r3",0.0319769665823187,-0.431960818140115,0.07,0.192,1
"Api5",0.0319953555256609,-0.603482771529265,0.051,0.154,1
"Mpdu1",0.0319953555256609,-0.669408696752564,0.051,0.154,1
"Crebbp",0.0322276230066394,-0.33769581842279,0.047,0.154,1
"Acadl",0.0327093736559658,0.845415992238044,0.153,0,1
"Lcp1",0.0329699056803594,0.595923406539052,0.363,0.154,1
"Hspa1a",0.0332232518725753,-0.543193814103139,0.167,0.346,1
"Psma5",0.0333241001419189,-0.442540379151062,0.121,0.269,1
"Sf3b2",0.0337014504674675,-0.387634751110211,0.326,0.538,1
"Ndufc1",0.0339948948014455,-0.290481574624846,0.181,0.385,1
"Arpc4",0.0340232299788994,-0.433117118223127,0.07,0.192,1
"Glmp",0.0340737295054353,-0.512205379631978,0.13,0.269,1
"Map2k2",0.0346000778065929,0.674741674598851,0.307,0.115,1
"Cd7",0.0358244604173665,-0.63508942909546,0.093,0.231,1
"Cept1",0.035870170744826,0.638255239754086,0.149,0,1
"Elf1",0.0361346051003408,-0.374285238263143,0.316,0.538,1
"Ppp1cc",0.0367084626466984,0.469018820583645,0.484,0.269,1
"Aak1",0.0381674726403191,-0.566943977248479,0.033,0.115,1
"Cdk9",0.0384445599109378,-0.490933901715006,0.074,0.192,1
"Cnih1",0.0384445599109378,-0.608151435724163,0.074,0.192,1
"Bank1",0.0388068315821339,-0.425354587714957,0.051,0.154,1
"Fam207a",0.0388068315821339,-0.525009726182419,0.051,0.154,1
"Snrpd1",0.0391467098585598,-0.401735893126998,0.177,0.346,1
"Lypla2",0.0393217336709475,0.703469218548423,0.144,0,1
"Serpinb1a",0.0393218582475748,1.00495695815561,0.144,0,1
"Sec62",0.0393987881666898,-0.47351120924433,0.293,0.462,1
"Bckdk",0.0394830647398927,-0.452478560167615,0.051,0.154,1
"Dmac1",0.0395253737706368,-0.527698791453927,0.098,0.231,1
"Rpl7a",0.0396180118002644,-0.376298055623151,0.386,0.577,1
"Ier2",0.0401197937881648,0.865999342500121,0.702,0.654,1
"Uqcrc1",0.0401583743506558,-0.476419606279972,0.172,0.346,1
"Pitpna",0.0403140985877491,0.631720879715065,0.251,0.077,1
"Slain1",0.0405195442283473,-0.421849647214487,0.121,0.269,1
"March2",0.0406240714796703,-0.543351072027138,0.102,0.231,1
"Tnfrsf13b",0.0406391991439621,-0.438206152162995,0.033,0.115,1
"Pgs1",0.0406391991439621,-0.456740868168172,0.033,0.115,1
"Fos",0.0407957669602823,-0.26596563568111,0.749,0.923,1
"Gimap5",0.0408559274024905,0.807512764330944,0.256,0.077,1
"Mob1a",0.040865327002851,-0.434040009169029,0.051,0.154,1
"Rbpms",0.0413861215938991,-0.42882353069622,0.074,0.192,1
"Vamp8",0.041472688405734,0.631860349696073,0.34,0.154,1
"Eif3i",0.0415540514809495,0.607567840480396,0.358,0.154,1
"Btg2",0.0420427615180163,0.637309099778598,0.744,0.692,1
"Limd2",0.0425170811423169,-0.375654414213447,0.474,0.692,1
"Rab24",0.0426150053461028,-0.5143309545215,0.074,0.192,1
"Mdh1",0.0427966672201795,0.521212554502189,0.451,0.269,1
"Gpcpd1",0.0430161313800604,-0.386637883813881,0.051,0.154,1
"Oxa1l",0.0430161313800604,-0.39721128153793,0.051,0.154,1
"Emc2",0.0430903895772987,0.691337478646082,0.14,0,1
"1300002E11Rik",0.0432452939318712,-0.432577496980423,0.033,0.115,1
"Bst2",0.0437823128222429,-0.565107487802345,0.158,0.308,1
"Calca",0.0438166085063036,1.03120939254411,0.247,0.077,1
"Ifitm2",0.0438975764044081,-0.490070468313253,0.126,0.269,1
"Arpc3",0.0439610619842312,0.388741375844857,0.6,0.423,1
"Pcm1",0.044144793891591,-0.397249146201026,0.033,0.115,1
"H2-Oa",0.0444079472076215,-0.594746076617863,0.195,0.346,1
"Eva1b",0.0445023607259635,-0.349656209516229,0.051,0.154,1
"Zc3h7a",0.0445159132437046,-0.436067716537847,0.074,0.192,1
"Siah2",0.0450334451441851,-0.324184667107438,0.233,0.423,1
"Rps6ka3",0.0450600354255639,-0.354174700238643,0.033,0.115,1
"Ttc9c",0.0450600354255639,-0.374145728428392,0.033,0.115,1
"Ldlrad4",0.0450600354255639,-0.393509778094308,0.033,0.115,1
"Poldip3",0.0450600354255639,-0.42451709051982,0.033,0.115,1
"Dnaja3",0.0450600354255639,-0.436564105150801,0.033,0.115,1
"Ddx1",0.0459912248273088,-0.328607482782299,0.033,0.115,1
"Kcnk5",0.0459912248273088,-0.381025506611314,0.033,0.115,1
"Clnk",0.0459912248273088,-0.395834048274095,0.033,0.115,1
"Map4k2",0.0459912248273088,-0.445107986422521,0.033,0.115,1
"Smim26",0.0460316837138121,-0.289399461795874,0.051,0.154,1
"AW112010",0.0467181725944328,0.427995509558017,0.791,0.654,1
"Bak1",0.0468127959482508,-0.309894193393207,0.051,0.154,1
"Rabl6",0.0469385695945573,-0.256396166110262,0.033,0.115,1
"Rnf6",0.0469385695945573,-0.347518517149932,0.033,0.115,1
"Eri3",0.0469385695945573,-0.34971124255365,0.033,0.115,1
"Fam184b",0.0469385695945573,-0.362335013752519,0.033,0.115,1
"Spop",0.0472052806989279,0.653196975651582,0.135,0,1
"4930453N24Rik",0.0472052806989279,0.649621892045672,0.135,0,1
"Gcn1l1",0.0479022784035404,-0.370962372341628,0.033,0.115,1
"Tspo",0.0479719353355959,0.3415584384011,0.474,0.269,1
"Fkbp3",0.0480489856810205,0.46897795382456,0.395,0.154,1
"Cdk11b",0.0482440191058865,0.322775798514977,0.391,0.192,1
"Galnt1",0.0488825610824763,-0.334078726673135,0.033,0.115,1
"Hypk",0.0492233437583681,-0.309003764237578,0.051,0.154,1
"Clptm1",0.0492317689421694,-0.325202242492064,0.074,0.192,1
"Kdm7a",0.0495935070410491,-0.460097190052701,0.056,0.154,1
"Mrps6",0.0495935070410491,-0.63893837463552,0.056,0.154,1
"Cntrl",0.0498796285842553,-0.300160848897479,0.033,0.115,1
"Arl4a",0.0501995404840923,-0.470347388574756,0.079,0.192,1
"Cnbp",0.0508267291383599,0.329999802785841,0.688,0.577,1
"Tpd52",0.0516971652533558,0.654859828994198,0.13,0,1
"Nudc",0.0517353471601716,0.608018494810531,0.2,0.038,1
"Slc25a11",0.0518855086029071,0.667256282815008,0.191,0.038,1
"Bcap29",0.0519249673217207,-0.258441683860802,0.033,0.115,1
"Elp5",0.0520464676672015,-0.41504089733482,0.056,0.154,1
"Eif5",0.0532423150608287,-0.288408915861838,0.293,0.462,1
"Lsm4",0.0535859686721006,-0.330208993311643,0.372,0.577,1
"Selenow",0.0539183183906464,-0.34995427535889,0.488,0.692,1
"Ncor1",0.0540445487182254,0.440949495041636,0.409,0.192,1
"Il2rg",0.0545000564421593,-0.364322828731449,0.451,0.654,1
"Ppp1r16b",0.0560598600591176,-0.363581401824113,0.079,0.192,1
"Bmyc",0.0566004743504204,0.597044173124173,0.126,0,1
"Abt1",0.0566008276724905,0.826941593292158,0.126,0,1
"Rbm3",0.0573849793169337,0.562217277700381,0.567,0.462,1
"Ywhaq",0.0580387795566875,0.608928646191509,0.321,0.154,1
"Ndufs5",0.0581435427990575,-0.46270950266258,0.27,0.423,1
"Fth1",0.0585280550118878,0.27001545996326,0.935,0.808,1
"Snrpc",0.0587616800469724,0.631618238633829,0.293,0.115,1
"Tmem208",0.0594059340483778,-0.594259770754021,0.135,0.269,1
"Cisd1",0.0599256475705213,-0.265243589965366,0.074,0.192,1
"Hnrnpm",0.0602546314346386,0.609636592182169,0.242,0.077,1
"Snu13",0.0605409555744574,0.593095313419499,0.353,0.192,1
"S100a6",0.0614750450809643,0.834739710260779,0.186,0.038,1
"Arf5",0.0618209478716487,0.555682873643021,0.391,0.231,1
"Phf3",0.0619540123530698,0.607602117926779,0.121,0,1
"Cbx7",0.0619542051426969,0.617585666390894,0.121,0,1
"Zfp91",0.0619542051426969,0.606823563055542,0.121,0,1
"Mrps15",0.0619542051426969,0.577646215193435,0.121,0,1
"Dcps",0.0619542051426969,0.556862367972831,0.121,0,1
"Tra2b",0.0624094813492923,-0.288607101628612,0.419,0.615,1
"Eif4e2",0.0624791111012035,-0.424289043064206,0.079,0.192,1
"Gem",0.0627882361371183,-0.53293605023988,0.2,0.346,1
"Rnaseh2a",0.0628951204984156,-0.318760846681518,0.056,0.154,1
"Ppan",0.0628951204984156,-0.356121858625979,0.056,0.154,1
"Nrgn",0.06317005284544,0.746264616935485,0.228,0.077,1
"Tomm7",0.0636527839732687,-0.393881989343459,0.372,0.538,1
"Lamtor1",0.0637427001694127,-0.345967304029797,0.158,0.308,1
"Abcf3",0.0638701851099743,-0.37803206426674,0.037,0.115,1
"Upf3a",0.0638779483280314,-0.292176330444286,0.056,0.154,1
"Tra2a",0.0639670894424899,0.621680576006578,0.233,0.077,1
"Cxcr6",0.0644479645250716,0.620893459680159,0.372,0.192,1
"Srrm1",0.0646651172179361,-0.523268099549224,0.195,0.346,1
"Ctsa",0.064851037522687,-0.448692432245542,0.084,0.192,1
"Cwf19l2",0.0650595062948635,-0.573490075004699,0.037,0.115,1
"Vps37b",0.0651173700164094,0.615612093149749,0.549,0.385,1
"Plac8",0.0652804101879959,0.703232383524141,0.274,0.115,1
"Aes",0.0655557982284137,-0.436015369167896,0.298,0.462,1
"2300009A05Rik",0.0667915371945478,-0.292075513155096,0.079,0.192,1
"Ebf1",0.0667915371945478,-0.302844831444826,0.079,0.192,1
"Tsc22d3",0.0668568472765659,-0.407074769672153,0.433,0.615,1
"Tmem9b",0.0671896042573382,-0.571925828212334,0.116,0.231,1
"Stk25",0.0674929697365749,-0.434720949500342,0.037,0.115,1
"Mtf2",0.0674929697365749,-0.578062695933636,0.037,0.115,1
"Gatad2b",0.0674929697365749,-0.58883728546085,0.037,0.115,1
"Atraid",0.0676827834468004,-0.31209604716665,0.079,0.192,1
"Nubp2",0.0677990780919796,0.59916740081588,0.116,0,1
"Rdm1",0.0677990780919796,0.5935059695775,0.116,0,1
"Anxa7",0.0677990780919796,0.577742267462747,0.116,0,1
"Maz",0.0677990780919796,0.558571142338166,0.116,0,1
"Eif4g3",0.067936904678451,-0.2687766297917,0.056,0.154,1
"Capg",0.0683886438304805,0.340336792262954,0.191,0.038,1
"Ppm1h",0.0685837900183877,-0.311714591353482,0.079,0.192,1
"Cxcr4",0.0687375036859823,-0.394298841470661,0.037,0.115,1
"Abtb1",0.0687375036859823,-0.402036415016773,0.037,0.115,1
"Phb",0.0687375036859823,-0.403319512077672,0.037,0.115,1
"Wbp1",0.0692063568589772,-0.398274144700313,0.084,0.192,1
"Tspan14",0.0695328551414359,-0.391573208784209,0.06,0.154,1
"Nudt3",0.070000834325892,-0.385831601008044,0.037,0.115,1
"Psma4",0.0704211892911445,-0.491317048198424,0.214,0.346,1
"Lsm5",0.0707973879713016,-0.353415165524369,0.251,0.423,1
"Arhgap31",0.0711183763817257,-0.306504812360418,0.056,0.154,1
"Klhl9",0.071283158566913,-0.35361291867953,0.037,0.115,1
"Ttc5",0.0716205438458194,-0.402121248988753,0.06,0.154,1
"S100a10",0.0718256335247205,0.487663402400343,0.665,0.538,1
"Lsm7",0.0719420135903253,-0.363426817794531,0.14,0.269,1
"Rusc1",0.0725846736841544,-0.336637474213157,0.037,0.115,1
"Polg",0.0725846736841544,-0.347610553882333,0.037,0.115,1
"Tmem258",0.073289946602035,-0.517496699959908,0.288,0.423,1
"Ighd",0.0737590027582319,-0.794458694557423,0.06,0.154,1
"Surf4",0.0737593164904649,-0.418332173095303,0.06,0.154,1
"Hspa1b",0.0737593164904649,-0.709438940048086,0.06,0.154,1
"Tbca",0.0738990323853664,0.443711581393035,0.628,0.462,1
"Cyp51",0.0741813281538966,0.645692843655971,0.112,0,1
"Socs1",0.0741815578532442,0.600879941909705,0.112,0,1
"Dcaf8",0.0741815578532442,0.536611900864956,0.112,0,1
"Mrps18a",0.0741815578532442,0.530233547348475,0.112,0,1
"Snf8",0.0742220869558127,0.669297187404002,0.167,0.038,1
"Derl2",0.0742222446122232,-0.396502864529395,0.14,0.269,1
"Gstt2",0.0752460672597708,-0.295840677808538,0.037,0.115,1
"Dnpep",0.0752460672597708,-0.32316789269097,0.037,0.115,1
"Ptpn22",0.0752823566608175,-0.47413099032494,0.112,0.231,1
"Eif4a2",0.0758415221476754,0.449497652703674,0.502,0.346,1
"Arl8a",0.0760475395310607,-0.584894870633841,0.065,0.154,1
"Ttc14",0.0768305326982874,-0.331484356542556,0.163,0.308,1
"Macf1",0.0770114006809755,-0.595243146551528,0.088,0.192,1
"Ptp4a3",0.0773540817674546,-0.487444603648846,0.14,0.269,1
"Ip6k1",0.0779865991992522,-0.316347770006767,0.037,0.115,1
"Me2",0.078234386288942,-0.617922067232998,0.065,0.154,1
"Gpr132",0.0788835854174165,-0.528418388218496,0.2,0.346,1
"Ncl",0.0795677789603909,0.424658830818111,0.591,0.385,1
"Uqcrq",0.0798356870386621,-0.404861069891397,0.233,0.385,1
"Plgrkt",0.0800413649446381,0.564687982297872,0.223,0.077,1
"9530068E07Rik",0.0811526586354621,0.532955305791767,0.107,0,1
"Bbip1",0.0811526586354621,0.511655351678753,0.107,0,1
"Pbdc1",0.0811526586354621,0.508054941924183,0.107,0,1
"Crem",0.0813836842192324,0.559819247859805,0.233,0.077,1
"Aebp2",0.082249255252352,-0.254642360889723,0.037,0.115,1
"Ormdl2",0.0829347511341905,-0.413553120968496,0.088,0.192,1
"Mras",0.0842441100188805,-0.477717686856351,0.042,0.115,1
"Gnaq",0.0842441100188805,-0.566367127048109,0.042,0.115,1
"Ubl7",0.0842441100188805,-0.700021287172474,0.042,0.115,1
"Ndufb4",0.0853412856746979,-0.398068585973378,0.219,0.346,1
"Hnrnpdl",0.0856869997172225,0.47636974797313,0.177,0.038,1
"Ssrp1",0.0860850990159135,-0.340589521434079,0.112,0.231,1
"Eloc",0.086126588270653,0.498146787686251,0.228,0.077,1
"Vapa",0.0872536441341369,-0.431679234902901,0.228,0.346,1
"Pdcd5",0.0887205953266356,-0.373729362988517,0.172,0.308,1
"Fdx1",0.0887686993026422,0.57637078763986,0.102,0,1
"Cltc",0.0887689732676812,0.57081633900279,0.102,0,1
"Kctd12",0.0887689732676812,0.550216295996729,0.102,0,1
"Fuca1",0.0887689732676812,0.535738407023171,0.102,0,1
"Tnfaip8l2",0.0887689732676812,0.513501829770505,0.102,0,1
"Ddx39b",0.0890396231516557,0.534966925472897,0.302,0.154,1
"Ube2n",0.0891728277434714,0.552548251713555,0.167,0.038,1
"Il17rb",0.0892144927428006,0.553165424891668,0.307,0.154,1
"Glud1",0.089222530898821,-0.363139924565399,0.088,0.192,1
"Tulp4",0.0900817337490033,-0.445419297539564,0.042,0.115,1
"Ube3a",0.0903068532305502,-0.388373319600688,0.088,0.192,1
"Atp5g1",0.0906321802067376,-0.334104545070723,0.335,0.5,1
"Dph3",0.0907472500949607,0.559992185930379,0.158,0.038,1
"Eef1b2",0.0907592559675564,0.305988334957626,0.763,0.654,1
"Arpc1b",0.0908184902207417,0.267789484714353,0.605,0.385,1
"AI467606",0.0911916052483623,-0.506956300554875,0.065,0.154,1
"Xpa",0.0915149842954616,-0.320240491885828,0.06,0.154,1
"Dynll1",0.0917704001596532,0.44142092179477,0.484,0.346,1
"Sod2",0.092626105894448,0.522942999057098,0.219,0.077,1
"Tprgl",0.0928571746890558,0.403599534379078,0.274,0.115,1
"Gata3",0.0932084873620909,-0.387217623240437,0.66,0.808,1
"Klf13",0.0932327306064614,-0.422552428441709,0.247,0.385,1
"Eif1b",0.0932340450030335,0.417322541686729,0.172,0.038,1
"Ankrd44",0.0937306945404527,0.57082876731753,0.167,0.038,1
"Impdh2",0.0946645317019758,0.554915719871896,0.167,0.038,1
"Fmnl1",0.0946701570326371,-0.39318109955473,0.042,0.115,1
"Snrnp70",0.0956890055432837,0.528936293997396,0.307,0.154,1
"Mrpl58",0.0958884792149974,-0.295189071183056,0.088,0.192,1
"Glod4",0.0963109203834341,-0.393081038077202,0.065,0.154,1
"Jchain",0.096451473229398,0.73056940210465,0.158,0.038,1
"Isy1",0.0967594689176959,0.67612148022739,0.153,0.038,1
"Rnf138",0.0967594689176959,0.622520536198368,0.153,0.038,1
"Ctss",0.0968523054567988,-0.496630119713208,0.093,0.192,1
"Higd2a",0.0969109812187753,-0.376844018539186,0.181,0.308,1
"Sec22b",0.0971116146616118,-0.534267337232068,0.121,0.231,1
"Sqle",0.0978318301711637,-0.572894121521119,0.042,0.115,1
"Rab14",0.0986033784319074,-0.622239065846799,0.158,0.269,1
"Uqcr10",0.0987754464358606,-0.515084392488233,0.312,0.462,1
"Ctdsp1",0.0989554647038252,-0.439082028747163,0.065,0.154,1
"Rnf114",0.099136844611364,-0.553822162609172,0.093,0.192,1
"Uxt",0.099444007582302,-0.399894692136214,0.042,0.115,1
"Adh5",0.099964215520541,0.501283470974101,0.163,0.038,1
"2410015M20Rik",0.101282254293029,0.372093814404756,0.381,0.192,1
"Eny2",0.101421048232159,0.519666650418452,0.158,0.038,1
"Phf6",0.102731913508028,-0.363094631408341,0.042,0.115,1
"Alkbh7",0.102731913508028,-0.371411606558486,0.042,0.115,1
"Hint1",0.102880617072886,0.38041665129732,0.581,0.423,1
"Psip1",0.102924789560508,0.598204137374767,0.205,0.077,1
"Rbmxl1",0.103566735316424,-0.353701878333613,0.042,0.115,1
"Txnrd1",0.103880680002181,0.552725273160265,0.153,0.038,1
"Ctsz",0.104265233821946,0.482510280591866,0.219,0.077,1
"Scnm1",0.104407988637488,-0.298081253416898,0.042,0.115,1
"Gm11361",0.104407988637488,-0.320384325420757,0.042,0.115,1
"Polr3k",0.104407988637488,-0.320744056318378,0.042,0.115,1
"Klrg1",0.104526111178812,0.26323723828216,0.479,0.346,1
"Polr2f",0.104771297120777,0.555982037824637,0.205,0.077,1
"Gdi2",0.106899514487765,0.478841589238818,0.293,0.154,1
"Clns1a",0.107344996464975,-0.364662732203733,0.116,0.231,1
"Pkn2",0.107825246430301,-0.28794985963199,0.042,0.115,1
"Arl2",0.107825246430301,-0.353539582179186,0.042,0.115,1
"Tnrc6b",0.108133115680305,0.493846067356053,0.153,0.038,1
"Nfkbid",0.108319164695443,0.786898477475715,0.2,0.077,1
"Snrpd3",0.109053925774279,0.463322337739324,0.316,0.154,1
"Gstp1",0.109139995020337,-0.288813003332591,0.088,0.192,1
"Eif4a1",0.109295356789458,0.382518719715059,0.637,0.462,1
"Dpm1",0.109566772878042,-0.278710858207816,0.042,0.115,1
"2310001H17Rik",0.109566772878042,-0.283825251033655,0.042,0.115,1
"Copz1",0.109630655373876,0.572921204798446,0.149,0.038,1
"Ak2",0.11144118143995,-0.395990455916858,0.177,0.308,1
"Mlec",0.111580536161058,-0.319487583975317,0.065,0.154,1
"Pigx",0.111970642223224,0.430156016447354,0.158,0.038,1
"Tcf25",0.112421141291509,-0.293824578672318,0.177,0.308,1
"Ufc1",0.112522174163867,0.509244398035341,0.153,0.038,1
"Phlda1",0.112966371843071,0.994556375315167,0.195,0.077,1
"Pdcd2",0.113116476129937,-0.267343741284075,0.042,0.115,1
"Brk1",0.113449866327287,-0.419838338358026,0.26,0.385,1
"Eif6",0.113515366579065,0.250940603423109,0.163,0.038,1
"Ppig",0.113613193004092,0.347814809339638,0.219,0.077,1
"Sar1a",0.113641095399832,0.536538627843519,0.153,0.038,1
"Sfpq",0.114019182780855,0.368712067574732,0.316,0.154,1
"Dcun1d5",0.114220158868231,0.541032183602206,0.2,0.077,1
"Iglc2",0.114277527730026,-0.879066545892035,0.149,0.269,1
"Atp5d",0.115596667359452,0.256086286750278,0.526,0.346,1
"Smap1",0.115905212652856,0.526231476202989,0.153,0.038,1
"Dnajb9",0.116407396180319,0.613696500160266,0.205,0.077,1
"Nrf1",0.116756179579061,-0.262489638765923,0.042,0.115,1
"Klf5",0.11685418292453,0.714855058766495,0.144,0.038,1
"Eef1g",0.11797921718216,0.258796078781914,0.842,0.692,1
"Comt",0.118477852702996,-0.284959649783487,0.144,0.269,1
"H3f3a",0.118748904615076,0.284621645333967,0.637,0.5,1
"Trappc5",0.11899590367891,-0.348597197682489,0.093,0.192,1
"mt-Nd5",0.119085780811162,0.428347623260445,0.302,0.154,1
"Jund",0.119329293694266,-0.369696755845995,0.74,0.769,1
"Tapbp",0.119567611382266,-0.394488381276339,0.209,0.346,1
"Snrpe",0.121799068352296,-0.405940280200553,0.284,0.423,1
"Ran",0.122068039136614,0.365866535743347,0.428,0.269,1
"Rab11a",0.122188449005098,0.320058516037774,0.158,0.038,1
"Bax",0.122709911459844,0.562339649845904,0.307,0.192,1
"Hnrnpd",0.12304475273856,-0.290967311588842,0.093,0.192,1
"Top3b",0.12433931283988,-0.447732011321603,0.047,0.115,1
"Ppib",0.124703051546152,0.398426064056032,0.423,0.269,1
"Tnfrsf25",0.125381392898401,-0.403126017652584,0.126,0.231,1
"Tubb4b",0.125387174548355,0.387668566070042,0.316,0.154,1
"Runx1",0.125803704603568,-0.276312024406903,0.093,0.192,1
"Capns1",0.126104049473717,0.520569485799862,0.372,0.231,1
"Yy1",0.126202861492453,-0.521021679155474,0.098,0.192,1
"Hnrnpab",0.12650515393096,-0.341536004575093,0.209,0.346,1
"1700123O20Rik",0.1266142215277,0.478635552234095,0.149,0.038,1
"Ptpn7",0.127857843909162,-0.348725675489007,0.126,0.231,1
"Ccm2",0.128967266944893,-0.418158951530598,0.098,0.192,1
"Slc25a3",0.129618229043055,0.424600501509733,0.577,0.5,1
"Xlr4a",0.129618701417547,-0.402085450927562,0.13,0.231,1
"Ccl5",0.130038454169969,-0.994200625204597,0.344,0.5,1
"Faah",0.130242595285555,-0.384874337372505,0.13,0.231,1
"Grpel1",0.130940867253039,0.531403272157086,0.14,0.038,1
"Pcnp",0.131795758829064,0.588473656966784,0.186,0.077,1
"Rpl13a-ps1",0.131917828953091,-0.477270071873078,0.074,0.154,1
"Cox14",0.131949743137663,0.413668370740459,0.298,0.154,1
"Apeh",0.131969589331628,-0.337276923441295,0.047,0.115,1
"Ift20",0.132043449709189,0.577247080253254,0.191,0.077,1
"Prelid1",0.132236043608874,-0.411579496105004,0.186,0.308,1
"Ppp2r5c",0.132251336228968,0.539396596902432,0.14,0.038,1
"Casp1",0.132251581244932,0.62395061269491,0.14,0.038,1
"Taok3",0.132911172245397,-0.280814192014258,0.093,0.192,1
"Smchd1",0.132911172245397,-0.335850257520015,0.093,0.192,1
"H2-T22",0.133192710269208,0.559186954868154,0.191,0.077,1
"Ebna1bp2",0.133568590827574,0.485170384098578,0.149,0.038,1
"Ube2m",0.13393272262109,-0.385732178847381,0.047,0.115,1
"Foxn3",0.134349885284687,0.574294804089529,0.191,0.077,1
"Rcbtb2",0.134636966595657,-0.486084879644047,0.098,0.192,1
"Tecr",0.134852288113992,-0.364293099795997,0.274,0.423,1
"Ly86",0.135918368795486,-0.464827740940624,0.047,0.115,1
"Stip1",0.136169545245087,0.42378667746213,0.149,0.038,1
"Snrpb2",0.136244245455634,0.588160318948856,0.14,0.038,1
"Spint2",0.136256973835561,-0.439173064945608,0.195,0.308,1
"Cox5b",0.136260010433665,-0.404911895859381,0.33,0.5,1
"Asap1",0.137926669782798,-0.304793640886334,0.047,0.115,1
"Hmgcs1",0.137926669782798,-0.432539339220888,0.047,0.115,1
"Cox7a2",0.138401802237926,-0.271538632763557,0.465,0.615,1
"Sf3b6",0.138508346566218,0.496561168631714,0.279,0.154,1
"Ppie",0.139619045484592,-0.363543598999541,0.121,0.231,1
"Tmem160",0.139825674313945,0.430723144334927,0.298,0.154,1
"Daxx",0.139957766492848,-0.329035986227852,0.047,0.115,1
"Cmtm7",0.140251544340495,0.539728102379872,0.191,0.077,1
"Ndufab1",0.140478987052606,0.35406124552247,0.27,0.115,1
"Sirt2",0.140497450249367,-0.32130187605533,0.098,0.192,1
"Hba-a1",0.140929048783326,-0.449320009326407,0.074,0.154,1
"Prdx1",0.141506827612318,0.413993017553582,0.507,0.385,1
"Pstpip1",0.141712693204335,0.479548773915039,0.14,0.038,1
"Dnajc15",0.141712945482669,0.469869667485777,0.14,0.038,1
"Kcnab2",0.142011241268235,-0.485829003641485,0.047,0.115,1
"Gnpat",0.142011798781108,-0.293176528256212,0.047,0.115,1
"Ube2q2",0.142011798781108,-0.329903581257877,0.047,0.115,1
"Xlr4b",0.142011798781108,-0.408316255027686,0.047,0.115,1
"Ech1",0.142170058865119,0.477796915346248,0.256,0.115,1
"Arid4b",0.142346227189329,0.420241397043699,0.144,0.038,1
"Eif3e",0.143374048205661,0.346786293364873,0.623,0.538,1
"Egr1",0.143686328794647,0.59623369162259,0.353,0.231,1
"Med10",0.143756907489312,0.565206602622324,0.135,0.038,1
"Fbxl6",0.144088905412343,-0.26519246376999,0.047,0.115,1
"Fosb",0.145727967216506,-0.3719969262221,0.386,0.5,1
"D030056L22Rik",0.146189224024092,-0.261309899676555,0.047,0.115,1
"Magt1",0.146189224024092,-0.301867811337534,0.047,0.115,1
"Romo1",0.146271451406989,-0.300031935229457,0.126,0.231,1
"Prdx2",0.14634498404405,0.507568024019486,0.265,0.154,1
"Eif3m",0.146834159587482,0.430932865307956,0.4,0.269,1
"Ppp4c",0.146891614924789,0.47323219663203,0.233,0.115,1
"Selenok",0.147225259357951,0.347890864311782,0.609,0.462,1
"Klrb1b",0.147922554250578,0.498919573513509,0.144,0.038,1
"Baz2a",0.148312891090011,-0.252632358701952,0.047,0.115,1
"Hcfc1r1",0.148783180177298,0.48705053866318,0.14,0.038,1
"Ywhaz",0.14920079568133,-0.355854613878035,0.158,0.269,1
"Utp11",0.149342379960273,0.386674675833017,0.144,0.038,1
"Lamtor5",0.15035708241562,0.467346279273603,0.233,0.115,1
"Adora2a",0.150460041883068,-0.280888886228184,0.047,0.115,1
"Csnk1a1",0.150491490251995,0.359424703464194,0.265,0.115,1
"Cox5a",0.150693099778008,0.396188198045747,0.428,0.308,1
"Mrpl21",0.151009253902317,0.447596907292374,0.135,0.038,1
"Rbm25",0.152026319774044,0.487226629968682,0.27,0.154,1
"Elavl1",0.152583250526425,0.501418916277621,0.186,0.077,1
"Arl2bp",0.152804514479728,-0.27415961995241,0.098,0.192,1
"Tmbim4",0.152881416017733,0.368296892217331,0.33,0.192,1
"Tecpr1",0.153987041310431,0.542319361204677,0.135,0.038,1
"Clk4",0.154398864981867,-0.260702645040255,0.098,0.192,1
"Gpi1",0.15452888382178,-0.438843573087225,0.265,0.385,1
"Psmb2",0.154529025515034,-0.349731844189397,0.265,0.385,1
"Zbtb20",0.154631263545998,0.445229014542272,0.14,0.038,1
"Snw1",0.154849009820882,-0.279876173224208,0.153,0.269,1
"4921524J17Rik",0.154870759644657,-0.37122257609436,0.074,0.154,1
"Neurl3",0.155228310260646,0.30353377868297,0.191,0.077,1
"Ostf1",0.156675385586012,0.389338862576905,0.353,0.231,1
"Triap1",0.156684678326442,-0.293879375941398,0.074,0.154,1
"Pak1ip1",0.157043730568081,-0.250002532289389,0.047,0.115,1
"Dok2",0.157324596289669,0.400931265025766,0.242,0.115,1
"Ndufa11",0.159258371581324,-0.302938996282856,0.2,0.308,1
"Pdcd6ip",0.159337900273566,0.498751991252362,0.13,0.038,1
"H2-DMa",0.161522795393719,-0.373908246767945,0.13,0.231,1
"Tbc1d15",0.16222310376581,-0.321240123219437,0.074,0.154,1
"Rps6kb1",0.16222310376581,-0.324214989171761,0.074,0.154,1
"Mcrip1",0.163728110410221,0.342730644413419,0.14,0.038,1
"Lgals1",0.16476127538271,0.639427815421532,0.135,0.038,1
"Lcp2",0.165232950767884,-0.359421696008995,0.135,0.231,1
"Surf1",0.165282148970801,0.389861875087201,0.14,0.038,1
"Pnisr",0.166012977960063,-0.438792787649071,0.079,0.154,1
"Cnp",0.166094890543262,-0.336679335594563,0.051,0.115,1
"Imp3",0.166600349808004,-0.319827455692628,0.158,0.269,1
"2610001J05Rik",0.166848073162668,0.329775628982344,0.14,0.038,1
"Eif5a",0.166864783663913,0.32450070047494,0.693,0.577,1
"Zmat5",0.167499116135659,-0.433500252654607,0.13,0.231,1
"Ccr7",0.16790799819243,-0.28980623189515,0.074,0.154,1
"Aco2",0.16790799819243,-0.316670507947602,0.074,0.154,1
"Rbms1",0.167914540073367,0.263502350836477,0.205,0.077,1
"Hmgb1",0.168062014635507,-0.585341680138843,0.265,0.385,1
"Snapc5",0.168921341345792,0.447742161928241,0.13,0.038,1
"Rbm27",0.169835831035858,-0.279096115934703,0.074,0.154,1
"Sec13",0.169835831035858,-0.289432872474959,0.074,0.154,1
"Rangap1",0.169835831035858,-0.340742187939857,0.074,0.154,1
"Cdkn1a",0.169916170669726,1.00236241690676,0.214,0.115,1
"Sf1",0.170560107116796,0.432724870171185,0.13,0.038,1
"C87436",0.170634531868313,-0.348901363807134,0.051,0.115,1
"Fus",0.171026056760677,-0.308130422627173,0.381,0.538,1
"Ffar2",0.171445471173797,0.565211311827256,0.126,0.038,1
"Ccnt1",0.171445471173797,-0.507150857747385,0.107,0.192,1
"Fnta",0.17144576766554,0.467933232514693,0.126,0.038,1
"Gm47283",0.171780209674148,-0.256258981905444,0.074,0.154,1
"Ndufv1",0.171780209674148,-0.320712919103484,0.074,0.154,1
"Gnb1",0.172790536348695,0.33427652996572,0.191,0.077,1
"Ikzf1",0.174381174268783,0.476790008317334,0.177,0.077,1
"Taldo1",0.174889955211104,-0.299842942232054,0.456,0.577,1
"Lgals3bp",0.175266492253319,-0.329770296851224,0.051,0.115,1
"Mdh2",0.175422205517337,0.473356221787036,0.33,0.231,1
"Acot13",0.175546682472832,0.378076662713411,0.13,0.038,1
"Ten1",0.175634635220674,-0.257818628308464,0.102,0.192,1
"Taf3",0.176093281541766,0.408945765637641,0.135,0.038,1
"Fbxw2",0.177218281302046,-0.279713676742265,0.163,0.269,1
"Prdx6",0.177377262471526,0.438140843907149,0.4,0.269,1
"Rad21",0.177617360862857,-0.310319341676509,0.051,0.115,1
"Hlf",0.177617360862857,-0.436790997474567,0.051,0.115,1
"Mrps5",0.177713276715438,-0.2788922808549,0.074,0.154,1
"Iglc3",0.179129247478344,-0.307210827960715,0.102,0.192,1
"Aurkaip1",0.179329747115817,0.486416607769584,0.214,0.115,1
"Tuba1a",0.179435722929182,0.378982859179204,0.135,0.038,1
"E2f4",0.180641802861704,0.373484047661023,0.13,0.038,1
"Ndufa1",0.180650042243323,-0.260205019089762,0.2,0.308,1
"Mrpl35",0.182824812470274,0.259506631318928,0.135,0.038,1
"Hpgds",0.183797587470873,-0.256998018080992,0.074,0.154,1
"mt-Nd2",0.183811580842116,0.312580409068221,0.651,0.577,1
"Ywhae",0.183989570962062,0.290177409751914,0.195,0.077,1
"Sh3kbp1",0.184467728913213,-0.257291775525454,0.102,0.192,1
"Trp53",0.184803296973894,0.483531328306164,0.172,0.077,1
"Minpp1",0.184810775520686,-0.449352759798293,0.051,0.115,1
"Diablo",0.185253179071533,0.396987228973936,0.126,0.038,1
"Txnip",0.185547603355894,0.465545898750954,0.27,0.154,1
"Yif1a",0.185753412647685,-0.286558489248889,0.126,0.231,1
"Rtcb",0.185792121962776,-0.362310568020156,0.167,0.269,1
"Prcp",0.187035358435415,0.423065899164417,0.126,0.038,1
"Ctu2",0.187255856515769,-0.254963862742394,0.051,0.115,1
"Camk2n1",0.187255856515769,-0.270049126828097,0.051,0.115,1
"Blnk",0.187255856515769,-0.304804548068773,0.051,0.115,1
"Nudt2",0.187255856515769,-0.315016244150374,0.051,0.115,1
"Prrt1",0.187255856515769,-0.328836082714069,0.051,0.115,1
"Chmp6",0.187255856515769,-0.354759293012612,0.051,0.115,1
"Inpp4b",0.187560195613955,0.417883761897023,0.186,0.077,1
"Psenen",0.187613072137763,-0.291822620025584,0.298,0.423,1
"Dnaja2",0.187874913150487,0.466854933512445,0.177,0.077,1
"Cops4",0.188829862226795,0.425606847680972,0.126,0.038,1
"B4galnt1",0.189204607872997,-0.33123434201163,0.209,0.308,1
"Lmo2",0.189724741573868,-0.28800677539071,0.051,0.115,1
"Vgll4",0.189732014963632,-0.253898200013074,0.107,0.192,1
"Bud31",0.190595233730456,0.367370224664,0.186,0.077,1
"Mrpl54",0.190827567243961,0.372667232367068,0.181,0.077,1
"Ifngr1",0.191908556746317,0.521236509082201,0.219,0.115,1
"Eprs",0.192103514206043,0.658574338328468,0.265,0.154,1
"Cops6",0.192613602668203,0.403035442728673,0.172,0.077,1
"Laptm4a",0.193285193172919,0.493263385753031,0.251,0.154,1
"Myl12b",0.193744630048294,0.332643701647091,0.367,0.231,1
"Tomm70a",0.195733835696968,-0.290712189289029,0.079,0.154,1
"Nudt21",0.195816791989233,0.489636035895454,0.167,0.077,1
"Stt3a",0.196136460558241,0.396974630897776,0.126,0.038,1
"Selenof",0.19658058689814,0.292267262941479,0.391,0.231,1
"Ube2j2",0.197187764713255,-0.374625108632766,0.14,0.231,1
"St8sia4",0.197380499430202,0.444488662344378,0.121,0.038,1
"Ide",0.197845719529005,-0.436527159346595,0.079,0.154,1
"Bcl2",0.198762799935456,0.540769103402044,0.293,0.192,1
"Vasp",0.198762799935456,-0.360407337129996,0.27,0.385,1
"Pgk1",0.199034643872471,0.434592252547031,0.172,0.077,1
"March7",0.199277903640347,0.434867391228308,0.121,0.038,1
"Atp5o.1",0.199541236415942,0.335727795837109,0.307,0.192,1
"Mrps10",0.199840241352329,-0.268070709024868,0.051,0.115,1
"Gimap1",0.200068057743006,0.409997114484287,0.409,0.308,1
"G3bp2",0.200251969899131,0.294564843293169,0.181,0.077,1
"Asnsd1",0.20044675445552,-0.352276414823392,0.056,0.115,1
"Hnrnpa3",0.200624472846521,0.431489467203072,0.302,0.192,1
"Sem1",0.201027572017193,0.394167861278157,0.493,0.423,1
"Naxe",0.201188601093333,0.4229489649617,0.121,0.038,1
"Aig1",0.201188601093333,0.414319772240751,0.121,0.038,1
"H2afj",0.201397472985854,-0.348977369488926,0.27,0.385,1
"Rad50",0.203112628002501,0.476923209071568,0.121,0.038,1
"Psmd4",0.204057526375052,-0.303688077529413,0.27,0.385,1
"Pdlim2",0.204332704929422,0.452444719801408,0.116,0.038,1
"Zfp644",0.205241621599264,-0.364949131379817,0.084,0.154,1
"Smco4",0.205241621599264,-0.481623695130189,0.084,0.154,1
"Mxd1",0.206311464941975,0.533862647350452,0.116,0.038,1
"Crlf2",0.206311464941975,0.527286790382172,0.116,0.038,1
"Atxn1",0.206459990345917,-0.293283981334376,0.079,0.154,1
"Arfgap2",0.206459990345917,-0.334003111399853,0.079,0.154,1
"Nsa2",0.207056828057652,0.496071331347438,0.205,0.115,1
"Rtn3",0.207480697334182,-0.255192648758274,0.107,0.192,1
"Vpreb3",0.208051358302862,-0.476653334045066,0.056,0.115,1
"Stx5a",0.209417142700083,-0.269765676916281,0.107,0.192,1
"Cct7",0.20981584645924,0.344566430461335,0.353,0.231,1
"Zfand3",0.210632135529305,-0.535182850068131,0.056,0.115,1
"Pabpc1",0.211277487702055,0.297710156903442,0.586,0.462,1
"Rtf1",0.211435326234647,0.407641514026548,0.214,0.115,1
"Cuta",0.211562035321806,0.425427077618293,0.251,0.154,1
"Mpc1",0.211670998674044,0.368394871704521,0.181,0.077,1
"Zc3h13",0.211710817511691,-0.297810073965261,0.084,0.154,1
"Ube2j1",0.211930616433085,-0.514788858424139,0.056,0.115,1
"Ube2d2a",0.212013573735625,0.325877714790747,0.228,0.115,1
"Polr2g",0.212031418252687,0.300849308356221,0.242,0.115,1
"Sugt1",0.212051369673291,0.352095973577574,0.177,0.077,1
"Tmem256",0.21263748959641,-0.3794155863437,0.144,0.231,1
"Tuba1b",0.212722043453177,-0.255617315985539,0.195,0.308,1
"Impa1",0.212933933757447,0.408093548011533,0.121,0.038,1
"Prmt1",0.214051302833759,0.369615655446134,0.172,0.077,1
"Ergic2",0.21610471405814,-0.294365527473413,0.084,0.154,1
"Birc3",0.216414162482247,0.491536136209853,0.116,0.038,1
"Rps27l",0.217271390886465,0.464945018702914,0.237,0.154,1
"Itgb7",0.217561986290817,-0.32830759611309,0.479,0.577,1
"Smim11",0.21796057991553,-0.268491957054132,0.14,0.231,1
"Hspa4",0.218988868316723,0.345527314532879,0.121,0.038,1
"Ramp1",0.221478610712046,0.483302164451776,0.163,0.077,1
"Ncr1",0.221596647540768,0.444526836518017,0.116,0.038,1
"Babam2",0.222644138795424,0.35186160180963,0.116,0.038,1
"Cited4",0.222818058314633,-0.417412421752982,0.084,0.154,1
"Ndufaf2",0.223883686613237,-0.324949942110405,0.056,0.115,1
"Vrk3",0.224105012508466,0.458961903938883,0.112,0.038,1
"Rsf1",0.224105367076166,0.46148256364864,0.112,0.038,1
"Slc38a1",0.224786737841884,-0.38326729184752,0.181,0.269,1
"Eif5b",0.22484674524513,0.401329232241963,0.167,0.077,1
"Ubxn6",0.225166140517855,0.314568017621464,0.121,0.038,1
"Slc38a2",0.225166472015402,0.399001740099976,0.121,0.038,1
"Mdfic",0.228424369767936,0.430545685793918,0.112,0.038,1
"Ccdc184",0.228424369767936,0.42039235383271,0.112,0.038,1
"Calm1",0.228930789652801,0.275816971107911,0.744,0.731,1
"Pim1",0.229294906883615,0.608958444719746,0.381,0.308,1
"Clint1",0.229353424752567,0.286461736845406,0.121,0.038,1
"H2afv",0.229551617642337,-0.251994941662399,0.298,0.423,1
"Brd4",0.231467218688356,0.263853689014284,0.121,0.038,1
"Arhgap25",0.231999527501473,-0.270183192671365,0.084,0.154,1
"Edem2",0.232115240325481,-0.306979754518292,0.056,0.115,1
"Nol7",0.232230556012275,0.375719835816301,0.298,0.192,1
"Adipor1",0.232432096596554,0.39717579118525,0.163,0.077,1
"Ppil2",0.233595149669063,0.272174317099283,0.121,0.038,1
"Snrpd2",0.234170672796334,0.381800740055427,0.363,0.269,1
"Taf15",0.234336279125201,-0.449809193107776,0.084,0.154,1
"Azi2",0.235486936125729,0.326487175433071,0.116,0.038,1
"Lpcat2",0.235587562324437,0.429373622276564,0.214,0.115,1
"Map1lc3a",0.235737246408744,0.25355202995268,0.121,0.038,1
"Cops7a",0.23772094045536,-0.265163426855517,0.056,0.115,1
"Creg1",0.240864287042001,0.370500704364296,0.172,0.077,1
"Mrpl41",0.241446419907719,-0.253067059850365,0.084,0.154,1
"N4bp2l2",0.241813340799968,0.31316781883124,0.219,0.115,1
"Sec11a",0.242345560163598,0.336961237942688,0.288,0.192,1
"Pmvk",0.243421010635153,-0.266836802561578,0.056,0.115,1
"Pde4b",0.244334910149763,0.402477121014391,0.116,0.038,1
"Cysltr1",0.244383169908996,-0.281556209626072,0.135,0.231,1
"1700061F12Rik",0.245758609885517,0.757025397781945,0.107,0.038,1
"Ndufs3",0.246279736174373,0.370307269536892,0.209,0.115,1
"Gimap7",0.246498886809992,0.25007882958775,0.172,0.077,1
"Camk2d",0.24837565281842,-0.379474666064012,0.112,0.192,1
"Tiprl",0.248592814500371,0.354590956157752,0.112,0.038,1
"Rhob",0.248707074732864,-0.363165862721231,0.084,0.154,1
"Cebpb",0.249364567693039,-0.345108368980884,0.293,0.385,1
"Ccndbp1",0.250453228381626,0.434727820845627,0.107,0.038,1
"Basp1",0.250520470922021,-0.544147404334036,0.06,0.115,1
"Sys1",0.250679041773941,-0.250033142911523,0.205,0.308,1
"Chdh",0.251160883804873,-0.275326928609464,0.084,0.154,1
"Uqcrb",0.251185425595324,0.301806173378797,0.479,0.346,1
"Slc9a3r1",0.251236487399662,0.345995426249266,0.219,0.115,1
"Ssb",0.251582222934937,0.360233664071407,0.288,0.192,1
"Fkbp1a",0.251995783834332,0.404912587025997,0.158,0.077,1
"Mrpl15",0.252148711772956,-0.280983619211246,0.116,0.192,1
"Tmed9",0.252549796354288,0.289489417253132,0.386,0.231,1
"Prkca",0.252823872489797,0.476964690173157,0.107,0.038,1
"Ppp3r1",0.253353479114797,-0.285560387760479,0.088,0.154,1
"Maf",0.253353479114797,-0.377651193671653,0.088,0.154,1
"Akap13",0.253616097961936,-0.423082113509509,0.195,0.269,1
"Cmtm6",0.253989423957315,0.358264798007198,0.158,0.077,1
"Dazap2",0.254114675135776,-0.308972918429041,0.214,0.308,1
"Ctsw",0.254631513360701,0.604031331862939,0.195,0.115,1
"Zfp36l2",0.254716148809181,0.364353632655629,0.456,0.346,1
"Copa",0.255209728847835,0.368984629500558,0.107,0.038,1
"Snrpa1",0.255584095420595,0.324776831952251,0.112,0.038,1
"Golga7",0.257469028246652,-0.253472008675978,0.144,0.231,1
"Park7",0.257566151312805,-0.286345174841834,0.442,0.538,1
"Zranb2",0.25761157498527,0.422519227806852,0.107,0.038,1
"Atf3",0.258444067251265,1.16809653443706,0.153,0.077,1
"St3gal6",0.258637922931466,0.555754705813992,0.191,0.115,1
"Psmc5",0.260029435278738,0.341348719964302,0.107,0.038,1
"Sde2",0.26246257545216,0.398942754697458,0.107,0.038,1
"Osgep",0.26246257545216,0.333642950638339,0.107,0.038,1
"Lsm2",0.262711607369653,0.356260192226546,0.112,0.038,1
"Vdac3",0.262885494392137,-0.284914447655523,0.186,0.269,1
"Mtfr1l",0.263195076920211,-0.290198592426371,0.088,0.154,1
"Gm9493",0.263195076920211,-0.451481244953205,0.088,0.154,1
"Phip",0.265117533208286,0.274272811470345,0.112,0.038,1
"Pdia4",0.265449876727483,-0.433224186492214,0.121,0.192,1
"Anapc16",0.26569616214709,-0.267462239266491,0.088,0.154,1
"Rad23b",0.26753859614858,0.251771873288657,0.112,0.038,1
"Dctn4",0.268001071610301,-0.28714888799773,0.06,0.115,1
"Yaf2",0.268001071610301,-0.304628077510818,0.06,0.115,1
"Smu1",0.268213565030122,-0.402339927901315,0.088,0.154,1
"Cited2",0.268330790183273,-0.299073769255294,0.265,0.385,1
"Arg1",0.269095010094698,0.252119879270248,0.372,0.269,1
"Tcea1",0.269478391870359,0.455441243872388,0.102,0.038,1
"Prkacb",0.269478391870359,0.382755751090526,0.102,0.038,1
"Ccdc107",0.269855766818755,0.3312317497734,0.107,0.038,1
"Ppt1",0.269856147027547,0.322170007114959,0.107,0.038,1
"Grk6",0.270747305534461,-0.396225229690985,0.088,0.154,1
"Tm9sf3",0.270983063098606,-0.320012248868103,0.121,0.192,1
"Plin2",0.270994075338713,-0.287142799634575,0.06,0.115,1
"Pkn1",0.272020308363406,0.36735223442283,0.102,0.038,1
"Ppid",0.272352118399517,0.36100499430504,0.107,0.038,1
"Cdk4",0.273360054120373,0.392332158947213,0.195,0.115,1
"Pum2",0.274578194723277,0.364929243033509,0.102,0.038,1
"Ranbp1",0.275873022458995,0.316009901486621,0.344,0.231,1
"Afg3l1",0.277048584402844,-0.304388058235274,0.06,0.115,1
"Itgal",0.277048584402844,-0.475778531973272,0.06,0.115,1
"Clpp",0.277391337676691,-0.370006169965319,0.093,0.154,1
"Tsn",0.277856346997375,0.326119691542624,0.205,0.115,1
"Hadh",0.279744321003083,0.326217147970079,0.102,0.038,1
"Lman2",0.282020959951649,0.285879896364223,0.237,0.154,1
"Gm26740",0.282801661126455,0.412051485283769,0.144,0.077,1
"Rab20",0.284975710812737,0.424154781125192,0.102,0.038,1
"Psmf1",0.286051564356576,-0.399760760552115,0.065,0.115,1
"Prmt3",0.286051564356576,-0.425863655669633,0.065,0.115,1
"Os9",0.286715867274216,0.406344969078926,0.149,0.077,1
"Commd2",0.287615665800254,0.331616189198059,0.102,0.038,1
"Rad23a",0.287615665800254,0.300083443791583,0.102,0.038,1
"Mrpl51",0.287659308243066,0.259828002946212,0.107,0.038,1
"Magoh",0.288114893619976,0.431111875552276,0.228,0.154,1
"Ccnd3",0.288758600135878,-0.256596263649939,0.214,0.308,1
"Dek",0.289571879419046,0.299306554440744,0.158,0.077,1
"Vbp1",0.289690434579787,0.262151082927202,0.163,0.077,1
"Il2rb",0.290039005989076,-0.421554262716082,0.126,0.192,1
"Sqstm1",0.290067666106494,0.375929258832845,0.149,0.077,1
"Syngr2",0.290109035122261,-0.405857612929593,0.163,0.231,1
"Irf2",0.290434568714122,0.281015954352137,0.153,0.077,1
"Dusp11",0.291474564996158,-0.275685556600036,0.158,0.231,1
"Ubac2",0.291552748812264,-0.252669603545934,0.121,0.192,1
"Leprotl1",0.292605133657132,0.314145724432813,0.242,0.154,1
"Txnl1",0.292770545498611,-0.257540917679014,0.153,0.231,1
"Rbck1",0.29288826864785,-0.297758271581806,0.093,0.154,1
"Gabarap",0.295423673721442,0.313949552861774,0.498,0.385,1
"Srsf2",0.295732287191489,0.364166925485446,0.409,0.308,1
"Tiparp",0.29624637554722,0.287112588573793,0.2,0.115,1
"Hmgb2",0.298965687469674,0.412904847384212,0.428,0.385,1
"Commd4",0.299842290535028,0.39479203522825,0.191,0.115,1
"Necap2",0.301064466319611,0.266533188613115,0.102,0.038,1
"Srrt",0.301064466319611,0.254025025321461,0.102,0.038,1
"Cmpk1",0.301127775769857,0.354315364313248,0.195,0.115,1
"Dnajc7",0.302584174949708,-0.367395833547588,0.135,0.192,1
"Fgl2",0.303712918917357,0.581813907672412,0.293,0.231,1
"Ccnl2",0.303947518280153,0.32450004728577,0.153,0.077,1
"Gimap4",0.305028519261116,0.37306693126788,0.363,0.269,1
"Anapc5",0.306559836486724,0.295398617486897,0.102,0.038,1
"Rsrp1",0.309151393107361,0.296663709951498,0.409,0.308,1
"Rars",0.309332087564924,0.253442262172075,0.102,0.038,1
"1700020I14Rik",0.309559987163887,0.327299350610872,0.149,0.077,1
"Alg5",0.309684636842461,-0.33144345767573,0.098,0.154,1
"Ube2s",0.309989528697502,0.28890533914124,0.363,0.269,1
"Dhrs7",0.313203151706308,0.383270053904811,0.186,0.115,1
"Nsrp1",0.31420529549041,-0.292981321815275,0.065,0.115,1
"Podnl1",0.31420529549041,-0.318799916361366,0.065,0.115,1
"Borcs8",0.314269288836507,0.308326977038841,0.149,0.077,1
"Glrx3",0.314305503397886,0.251688416008682,0.158,0.077,1
"Eef1e1",0.314438989174564,-0.271133908284168,0.093,0.154,1
"Nme1",0.315003965566877,0.286343244254851,0.363,0.269,1
"Paics",0.317442331351691,-0.274118479931496,0.065,0.115,1
"Bzw1",0.317504317045554,0.37282757568124,0.186,0.115,1
"Trim12a",0.317655847423109,0.380774381020655,0.144,0.077,1
"Zfp292",0.317747943634046,0.263298628180038,0.102,0.038,1
"Dhx40",0.317747943634046,0.258517769545187,0.102,0.038,1
"Ube2b",0.317835630063251,0.303325521958361,0.395,0.308,1
"Ifrd1",0.319799297308264,0.394415092873523,0.279,0.192,1
"Cdc37",0.319890487747965,0.440040286736454,0.219,0.154,1
"Ctsc",0.320529033393048,-0.353827921379544,0.098,0.154,1
"Luc7l2",0.322445194261721,0.3492144184039,0.233,0.154,1
"Mindy2",0.323981760445674,-0.253149317252236,0.065,0.115,1
"Ahcyl2",0.324583580842727,-0.425676728268655,0.163,0.231,1
"Crbn",0.32562970628644,-0.273089846677595,0.065,0.115,1
"Nhp2",0.326420839643291,-0.340953663999731,0.158,0.231,1
"Slc3a2",0.326481149831036,0.396669936939966,0.386,0.308,1
"Morc3",0.327284149575387,-0.336272497845949,0.065,0.115,1
"Vdac1",0.328454610893096,0.387573028481909,0.14,0.077,1
"Fam96a",0.329532552385351,0.353491183995155,0.186,0.115,1
"Wdr1",0.330202109462163,0.40778245059487,0.177,0.115,1
"Rraga",0.330608315720375,-0.308469599205582,0.065,0.115,1
"Wbp4",0.330960461929043,0.370645053110828,0.14,0.077,1
"Tmem167",0.331083544005465,0.311043628161136,0.242,0.154,1
"Snx17",0.331618669524461,-0.313459168609639,0.098,0.154,1
"H2-DMb2",0.332354222593742,0.358999219238098,0.144,0.077,1
"Mrps21",0.332548222892977,-0.255704141809798,0.242,0.308,1
"Bsg",0.336889976120742,0.47463129782706,0.214,0.154,1
"Sacm1l",0.337321948935046,-0.253833520580553,0.065,0.115,1
"Npc2",0.338177685611476,-0.288224371381612,0.307,0.385,1
"Slc25a4",0.338393993642022,0.292639459312154,0.195,0.115,1
"Ddost",0.340644158167437,0.445351974349737,0.181,0.115,1
"Taf13",0.341727855647743,-0.377157887462364,0.07,0.115,1
"Nxf1",0.342393354826429,0.285619704303393,0.144,0.077,1
"Ppp1r15a",0.344797859345318,0.386168256608799,0.553,0.577,1
"Acbd7",0.347463176018923,0.448776754221287,0.135,0.077,1
"Prpf40a",0.347548620059946,0.367522851041074,0.14,0.077,1
"Hsp90b1",0.349702583940596,0.348964998914647,0.335,0.269,1
"Myh9",0.351774141332452,-0.312694470496062,0.07,0.115,1
"Swap70",0.353916647119909,-0.250818636734594,0.13,0.192,1
"Dtnbp1",0.355402366901273,0.360575608846179,0.135,0.077,1
"Rpn1",0.35669646296716,0.294978690090941,0.14,0.077,1
"Napa",0.358073999767274,0.394689646947382,0.135,0.077,1
"Ndufs8",0.360543860167652,0.363264975195074,0.228,0.154,1
"Mat2b",0.361343342183376,-0.460321154119439,0.135,0.192,1
"Grb2",0.361587340254554,0.339020194649165,0.181,0.115,1
"Psmd8",0.361809592728414,0.2706471231165,0.233,0.154,1
"Arf3",0.363377138318956,-0.260864092946973,0.098,0.154,1
"Dnajb11",0.363981279110998,-0.348029741114359,0.158,0.231,1
"Pfdn4",0.369349511715604,-0.372788634403736,0.098,0.154,1
"Stk17b",0.373929163348293,0.337406391845423,0.353,0.269,1
"Cyb5a",0.374065888692558,0.349664964396349,0.214,0.154,1
"Atp6v0e",0.377264357380106,0.318154332784139,0.442,0.385,1
"Zcchc6",0.378168532234498,0.273524363990415,0.14,0.077,1
"Ndufb3",0.380156487584873,0.262133973067037,0.191,0.115,1
"Cd2",0.383020821149273,-0.403780745037456,0.07,0.115,1
"Fryl",0.383704525477331,-0.27362696500227,0.102,0.154,1
"Igha",0.383802096740954,0.298471837492417,0.423,0.346,1
"Ndufa12",0.384975352392533,-0.343334100337888,0.177,0.231,1
"Slc7a6os",0.385481285848386,0.325598118555932,0.135,0.077,1
"Ap2s1",0.386250763951706,-0.303458862970991,0.158,0.231,1
"Tcp11l2",0.386421335649564,0.278987365106223,0.14,0.077,1
"Tcp1",0.386821812506887,0.303474231133729,0.219,0.154,1
"D16Ertd472e",0.388290791133958,0.301363104349127,0.135,0.077,1
"Nop56",0.390738013989415,0.274960620368415,0.181,0.115,1
"Psmc1",0.391112733814551,0.262558536584662,0.135,0.077,1
"Tmem176b",0.392644678376647,0.33368961149452,0.6,0.577,1
"Mydgf",0.392930357414527,0.337731168453445,0.13,0.077,1
"Rbbp6",0.393947094647169,0.262622328212966,0.135,0.077,1
"Nedd4",0.395813822037899,0.320665000950548,0.13,0.077,1
"Gtf2b",0.396409732200184,0.345848055680883,0.172,0.115,1
"Rpia",0.396605269356452,-0.406756530048254,0.074,0.115,1
"Tap2",0.396841596327946,-0.253853729606334,0.13,0.192,1
"Metap2",0.399924347883663,0.306708761398267,0.177,0.115,1
"Ccnl1",0.401696154668526,0.289321900051873,0.358,0.269,1
"Cd79b",0.401869949259751,-0.352152681496294,0.205,0.269,1
"Slbp",0.404133774870989,0.340792948510008,0.172,0.115,1
"Dennd4a",0.405729706896048,0.408112512332861,0.167,0.115,1
"Pde7a",0.407473644393385,0.317872839148841,0.13,0.077,1
"Serp1",0.40900528668592,0.263049314129812,0.586,0.5,1
"Khdrbs1",0.409583982952329,0.391215706313575,0.2,0.154,1
"Ccr8",0.413029323550253,-0.464502493761283,0.107,0.154,1
"M6pr",0.413401614342571,-0.255923228239011,0.177,0.231,1
"Rap1a",0.413617779588648,0.258981422851342,0.223,0.154,1
"Fuca2",0.414597127904316,-0.321169521792124,0.074,0.115,1
"Tox4",0.415911872303954,-0.351086713405731,0.07,0.115,1
"Auh",0.417066481620485,0.250066445760106,0.135,0.077,1
"Trim27",0.41825246943331,-0.26008042484585,0.074,0.115,1
"Pik3r1",0.418476726422125,0.342251878352399,0.126,0.077,1
"Rgs2",0.420801490407629,0.268486796335652,0.767,0.731,1
"Pgrmc1",0.421514487534298,0.33200549733518,0.126,0.077,1
"Ghitm",0.422503034669494,0.326228974389871,0.172,0.115,1
"Cd74",0.422516587943985,-0.488155732696438,0.572,0.692,1
"Akr1a1",0.425685608211744,0.3495689957043,0.167,0.115,1
"H2afz",0.425976953186285,-0.496515039920497,0.623,0.538,1
"Sdhaf2",0.429331727441407,-0.433195188007002,0.074,0.115,1
"Eif2s2",0.429774667512863,0.304079277033129,0.293,0.231,1
"Emc6",0.430523320122191,0.277011131260428,0.172,0.115,1
"Drap1",0.43070628621399,0.302376181094475,0.126,0.077,1
"Chmp5",0.432463446346704,0.285695286097122,0.167,0.115,1
"Gimap9",0.4345100627191,0.365378886573872,0.205,0.154,1
"Eif3a",0.435617385306144,0.397287966432574,0.242,0.192,1
"Cuedc2",0.436898020733885,0.262479216644758,0.126,0.077,1
"Pak2",0.437114058129862,0.30343054340268,0.163,0.115,1
"Ubxn1",0.440813375719197,0.317760404432657,0.205,0.154,1
"Nipbl",0.442385001583221,0.261659126272031,0.181,0.115,1
"Coa3",0.444084558394384,0.274025575939538,0.172,0.115,1
"Hexim1",0.445620292035872,0.301603045458051,0.121,0.077,1
"Pla2g16",0.449662491117266,-0.300252093194042,0.284,0.346,1
"Zfand5",0.458997231056506,0.423523121540687,0.195,0.154,1
"Commd6",0.463016274552843,0.266903122555103,0.167,0.115,1
"Nfe2l2",0.464473245466996,-0.263976476988791,0.079,0.115,1
"Pycard",0.464663409646573,0.345640808156504,0.158,0.115,1
"Cldnd1",0.465010559028531,0.340492507322425,0.121,0.077,1
"Chmp1b",0.46777086385218,-0.278594050345872,0.107,0.154,1
"Cytip",0.469187255918077,-0.277885385625822,0.242,0.308,1
"Srp9",0.472435715705175,0.298794071198522,0.288,0.231,1
"Aplp2",0.472703768670046,-0.308835293785645,0.563,0.654,1
"Vamp4",0.474878748842007,0.271906243121873,0.121,0.077,1
"Adrb2",0.476342441571559,0.421957797582374,0.158,0.115,1
"Xbp1",0.476342681753114,0.294213333923509,0.158,0.115,1
"Rab2a",0.47947722075812,0.26701047236357,0.284,0.231,1
"Tbc1d10a",0.479815861751711,-0.2638963439619,0.079,0.115,1
"Eif4b",0.481520886254848,0.266277377748542,0.121,0.077,1
"Pnkd",0.481650188349688,-0.26654434296602,0.116,0.154,1
"Ebp",0.482709949168349,0.254151211970767,0.163,0.115,1
"C1qbp",0.484604456005494,0.361923287440012,0.116,0.077,1
"Cd79a",0.487712367219749,-0.625868284967706,0.195,0.231,1
"Ube2e1",0.491537776138141,0.2879720382772,0.163,0.115,1
"Hilpda",0.49254668589003,0.466921828817545,0.549,0.538,1
"Nr3c1",0.493206280036767,0.251585087053152,0.247,0.192,1
"Mrpl24",0.493705351805658,0.35987832563844,0.153,0.115,1
"Cr1l",0.494955178009456,0.285459721306626,0.121,0.077,1
"Rbm5",0.505231237291572,0.251634990248933,0.116,0.077,1
"Ppp1cb",0.505231237291572,-0.291846345971388,0.107,0.154,1
"Sat1",0.50644197289332,-0.261572050153834,0.153,0.192,1
"Ndufs4",0.508617056829072,0.256601941385097,0.2,0.154,1
"Frg1",0.514744853548349,-0.251486710642862,0.084,0.115,1
"Plekhj1",0.516159667152867,-0.359612478051253,0.214,0.269,1
"Foxp1",0.518514667370105,-0.29165848635461,0.158,0.192,1
"Tmem238",0.519352804555145,-0.259420048093469,0.079,0.115,1
"Nono",0.522522305280766,-0.28688237895206,0.191,0.231,1
"Isg15",0.523802432193977,0.694814052479306,0.251,0.231,1
"Gtf2a2",0.527471180631707,0.297850333672696,0.149,0.115,1
"Tmem123",0.532395282550055,0.27282994831724,0.191,0.154,1
"Sh2d2a",0.533804947460396,0.252570661490629,0.112,0.077,1
"Tcrg-C4",0.53905490278308,0.297196225774504,0.377,0.308,1
"Alyref",0.541183206169595,-0.34919156010998,0.088,0.115,1
"Smc3",0.544770057937149,0.273925161096353,0.112,0.077,1
"Snrnp40",0.552141567632328,0.259230494645432,0.112,0.077,1
"Ogt",0.553190105357132,0.274663858940761,0.149,0.115,1
"Bccip",0.553190331885255,0.295642925398716,0.149,0.115,1
"Psmd9",0.554800165437562,-0.295994664610977,0.084,0.115,1
"Iqgap1",0.555684712172704,-0.293693263759318,0.153,0.192,1
"Arhgdia",0.555685621865994,-0.251762168523854,0.353,0.385,1
"Atp6ap1",0.560219711130346,0.287776867871516,0.107,0.077,1
"Ptp4a1",0.566276341550551,0.316535814320282,0.149,0.115,1
"Scaf11",0.566276341550551,0.276244268809266,0.149,0.115,1
"Cd83",0.5715564208399,-0.408140988216117,0.126,0.154,1
"4933434E20Rik",0.57649564963698,0.252406514438345,0.144,0.115,1
"Chmp4b",0.581934843989319,-0.377902932594248,0.205,0.231,1
"Wsb1",0.598725958933247,0.262926720011445,0.107,0.077,1
"Hspd1",0.603299275690663,0.25411114838277,0.284,0.269,1
"Stx16",0.6038769557399,-0.356740387300218,0.153,0.192,1
"Rrad",0.613210153314384,0.57820988880825,0.149,0.115,1
"Psmb4",0.614706804177429,0.26147273085949,0.293,0.269,1
"Hnrnpu",0.618366384092458,0.27173246634075,0.326,0.308,1
"Eif4a3",0.620027930546032,0.28273303807051,0.102,0.077,1
"Dnajb1",0.62846610358684,-0.331591358711551,0.447,0.385,1
"Ubc",0.630321877575768,-0.287781425142975,0.898,0.885,1
"Arf4",0.638359188356323,0.28336850022342,0.512,0.462,1
"Igkc",0.648816764152986,-0.530490264887611,0.828,0.808,1
"Mif",0.649643956057758,-0.256093860690443,0.395,0.385,1
"Dusp5",0.649713081060487,0.418641641932586,0.409,0.423,1
"Kcnn4",0.661559840394671,-0.254466664054974,0.126,0.154,1
"Emc7",0.66457480837787,0.266060904251931,0.14,0.115,1
"Kdm6b",0.670282142073742,0.377523118108108,0.177,0.154,1
"Asb2",0.67206626312217,0.31121846439163,0.214,0.192,1
"Smc6",0.673244490788519,0.276898316603616,0.135,0.115,1
"Maff",0.68197605221648,0.317315140623969,0.209,0.192,1
"Rora",0.689835835820981,0.269448022007224,0.488,0.538,1
"St6galnac3",0.693416280059024,-0.363624119053501,0.172,0.192,1
"Ik",0.698827018761278,-0.344349461176491,0.098,0.115,1
"Zc3hav1",0.702574778021557,0.262637457000722,0.26,0.231,1
"Arhgef1",0.704532174652177,-0.475099488101453,0.163,0.192,1
"Trim28",0.711599401918414,-0.378200760950225,0.098,0.115,1
"Sdf2",0.717592083870675,-0.335286962255218,0.14,0.154,1
"Mettl23",0.719227516254113,-0.259234895023753,0.237,0.269,1
"Spcs3",0.724376749353489,0.254729338654076,0.265,0.269,1
"Tmpo",0.728755898637658,-0.27933603477396,0.098,0.115,1
"Thoc7",0.732800684128111,-0.303354539007223,0.135,0.154,1
"Fcer1g",0.75094649149851,-0.379524399610036,0.14,0.154,1
"Gm26917",0.760945910461575,0.411090351950477,0.163,0.154,1
"Areg",0.778334407880076,0.848064609835111,0.219,0.231,1
"Spr",0.821880753643977,-0.260389276471353,0.102,0.115,1
"Ash1l",0.827067553622145,-0.293798532101286,0.107,0.115,1
"Was",0.853009590791223,-0.375179993543981,0.107,0.115,1
"Wac",0.871216942199384,0.272368011934456,0.186,0.192,1
"Hdgf",0.881110657420524,0.263829733983298,0.153,0.154,1
"Atp5b",0.917030071084273,-0.259208541833633,0.567,0.538,1
"Nkg7",0.939351343935317,0.306814956098453,0.502,0.577,1
"Lztfl1",0.990529370133521,-0.400645967428763,0.153,0.154,1
