"type","geneID","p_val","avg_logFC","pct.1","pct.2","p_val_adj"
Stem.Cd74n_Young_vs_Cd74p_Old_wilcox_lfc0.1.csv,"Cd74",3.27366161726607e-199,-3.60972928831099,0.002,1,6.03237626213619e-195
Stem.Cd74n_Young_vs_Cd74p_Old_wilcox_lfc0.1.csv,"H2.Eb1",8.0096307199765e-192,-2.17947369156045,0.04,0.997,1.47593465277007e-187
Stem.Cd74n_Young_vs_Cd74p_Old_wilcox_lfc0.1.csv,"H2.Aa",3.21959945617496e-190,-2.14339454814671,0.013,0.976,5.9327559178936e-186
Stem.Cd74n_Young_vs_Cd74p_Old_wilcox_lfc0.1.csv,"H2.Ab1",1.66904078048075e-178,-2.61206526442613,0.147,1,3.07554144619188e-174
Stem.Cd74n_Young_vs_Cd74p_Old_wilcox_lfc0.1.csv,"Psmb8",8.54535879127062e-141,-1.58591059799231,0.582,0.992,1.57465326446744e-136
Stem.Cd74n_Young_vs_Cd74p_Old_wilcox_lfc0.1.csv,"H2.D1",4.01959713246532e-120,-0.974474732424419,0.942,1,7.40691163599384e-116
Stem.Cd74n_Young_vs_Cd74p_Old_wilcox_lfc0.1.csv,"H2.DMa",9.95996341904677e-116,-0.968159272443732,0.163,0.845,1.83532245922775e-111
Stem.Cd74n_Young_vs_Cd74p_Old_wilcox_lfc0.1.csv,"H2.K1",4.80109658325644e-110,-0.92138241412333,0.939,1,8.84698067396663e-106
Stem.Cd74n_Young_vs_Cd74p_Old_wilcox_lfc0.1.csv,"H2.DMb1",6.15913281911261e-109,-0.73015372203979,0.031,0.689,1.13494340457788e-104
Stem.Cd74n_Young_vs_Cd74p_Old_wilcox_lfc0.1.csv,"Psmb9",1.4194213185331e-100,-1.00132381310024,0.572,0.941,2.61556766366094e-96
Stem.Cd74n_Young_vs_Cd74p_Old_wilcox_lfc0.1.csv,"Ifitm3",2.6161896070545e-99,-0.939076804181134,0.893,1,4.82085258891933e-95
Stem.Cd74n_Young_vs_Cd74p_Old_wilcox_lfc0.1.csv,"Ceacam10",8.96324899019666e-98,-1.09663385206648,0.488,0.96,1.65165789142354e-93
Stem.Cd74n_Young_vs_Cd74p_Old_wilcox_lfc0.1.csv,"B2m",1.22791137380414e-93,-0.581448533229745,1,1,2.26267228850888e-89
Stem.Cd74n_Young_vs_Cd74p_Old_wilcox_lfc0.1.csv,"Reg3g",1.3158027935686e-89,-1.48236399084224,0.394,0.914,2.42462980770885e-85
Stem.Cd74n_Young_vs_Cd74p_Old_wilcox_lfc0.1.csv,"H2.Q7",3.008078774888e-80,-0.591952401381989,0.026,0.544,5.54298675848613e-76
Stem.Cd74n_Young_vs_Cd74p_Old_wilcox_lfc0.1.csv,"Hmgcs2",4.31863809302414e-70,0.959223633998642,0.794,0.252,7.95795441401558e-66
Stem.Cd74n_Young_vs_Cd74p_Old_wilcox_lfc0.1.csv,"Reg3b",2.8499626781287e-64,-1.13366650846674,0.189,0.689,5.25162622698776e-60
Stem.Cd74n_Young_vs_Cd74p_Old_wilcox_lfc0.1.csv,"Fth1",1.83425927953011e-58,0.342392425537688,1,1,3.37998957439013e-54
Stem.Cd74n_Young_vs_Cd74p_Old_wilcox_lfc0.1.csv,"AW112010",1.02255407802704e-55,-0.613720174850676,0.211,0.668,1.88426039958043e-51
Stem.Cd74n_Young_vs_Cd74p_Old_wilcox_lfc0.1.csv,"Psme2",5.11780475390653e-49,-0.48918520493311,0.949,0.992,9.43057882002356e-45
Stem.Cd74n_Young_vs_Cd74p_Old_wilcox_lfc0.1.csv,"Ly6e",4.48529525523588e-42,-0.635200570546448,0.591,0.874,8.26505356682315e-38
Stem.Cd74n_Young_vs_Cd74p_Old_wilcox_lfc0.1.csv,"Ubb",1.97019427749321e-37,-0.274619014459566,1,1,3.63047699513674e-33
Stem.Cd74n_Young_vs_Cd74p_Old_wilcox_lfc0.1.csv,"Tap1",2.38379121858981e-36,-0.354535749272077,0.097,0.437,4.39261207849544e-32
Stem.Cd74n_Young_vs_Cd74p_Old_wilcox_lfc0.1.csv,"Cd14",4.07169539465074e-35,-0.395976428745528,0.199,0.568,7.50291310372292e-31
Stem.Cd74n_Young_vs_Cd74p_Old_wilcox_lfc0.1.csv,"Gkn3",5.72553189660724e-34,0.682203901765426,0.792,0.453,1.05504376258782e-29
Stem.Cd74n_Young_vs_Cd74p_Old_wilcox_lfc0.1.csv,"Tifa",3.16024654564479e-33,-0.470799903523199,0.364,0.71,5.82338630965966e-29
Stem.Cd74n_Young_vs_Cd74p_Old_wilcox_lfc0.1.csv,"Prap1",5.54333263419742e-33,0.399935793863141,0.992,0.992,1.02146990450356e-28
Stem.Cd74n_Young_vs_Cd74p_Old_wilcox_lfc0.1.csv,"Rpl7a",2.11519053610501e-32,-0.292721903803962,0.99,0.995,3.8976616008807e-28
Stem.Cd74n_Young_vs_Cd74p_Old_wilcox_lfc0.1.csv,"Gpx2",7.3649632614361e-31,-0.326445061456348,0.998,1,1.35714178018483e-26
Stem.Cd74n_Young_vs_Cd74p_Old_wilcox_lfc0.1.csv,"X2210407C18Rik",1.19907423531041e-29,-0.550938743662519,0.825,0.933,2.20953409340649e-25
Stem.Cd74n_Young_vs_Cd74p_Old_wilcox_lfc0.1.csv,"Rps7",4.65305710182223e-29,-0.163196748316558,1,1,8.57418832152782e-25
Stem.Cd74n_Young_vs_Cd74p_Old_wilcox_lfc0.1.csv,"Igtp",6.85544985314884e-29,-0.242108885929191,0.018,0.241,1.26325374443974e-24
Stem.Cd74n_Young_vs_Cd74p_Old_wilcox_lfc0.1.csv,"Hsp90aa1",9.3140029274491e-29,0.370039217194043,1,1,1.71629131944104e-24
Stem.Cd74n_Young_vs_Cd74p_Old_wilcox_lfc0.1.csv,"Rpl9",1.43237237703139e-28,-0.362080247525792,0.802,0.941,2.63943257915574e-24
Stem.Cd74n_Young_vs_Cd74p_Old_wilcox_lfc0.1.csv,"Lgals9",1.38469391172847e-27,-0.347026045648116,0.906,0.971,2.55157547114205e-23
Stem.Cd74n_Young_vs_Cd74p_Old_wilcox_lfc0.1.csv,"Psme1",1.90556035105996e-27,-0.304888680419863,0.947,0.995,3.51137605889819e-23
Stem.Cd74n_Young_vs_Cd74p_Old_wilcox_lfc0.1.csv,"Rpl23a",7.86058962301451e-27,-0.34834991731598,0.725,0.898,1.44847084983288e-22
Stem.Cd74n_Young_vs_Cd74p_Old_wilcox_lfc0.1.csv,"Pla2g5",5.75270956145148e-26,-0.263665439135567,0.069,0.33,1.06005179088866e-21
Stem.Cd74n_Young_vs_Cd74p_Old_wilcox_lfc0.1.csv,"Krt19",1.19592232690682e-25,0.335709431187122,1,1,2.20372607179119e-21
Stem.Cd74n_Young_vs_Cd74p_Old_wilcox_lfc0.1.csv,"Mt1",4.10328225433781e-25,0.374593442505656,0.96,0.866,7.56111821006828e-21
Stem.Cd74n_Young_vs_Cd74p_Old_wilcox_lfc0.1.csv,"Acaa2",2.3884131784891e-24,0.337262683930244,0.942,0.869,4.40112896400187e-20
Stem.Cd74n_Young_vs_Cd74p_Old_wilcox_lfc0.1.csv,"Irf1",6.30717187137915e-24,-0.365887469620268,0.331,0.617,1.16222256073904e-19
Stem.Cd74n_Young_vs_Cd74p_Old_wilcox_lfc0.1.csv,"Prss32",1.12741753558463e-23,-0.345400581940416,0.695,0.89,2.07749229282179e-19
Stem.Cd74n_Young_vs_Cd74p_Old_wilcox_lfc0.1.csv,"Oat",3.0223944095398e-23,0.31348066069801,0.997,0.995,5.56936617845899e-19
Stem.Cd74n_Young_vs_Cd74p_Old_wilcox_lfc0.1.csv,"Rbm3",1.35209639789983e-22,-0.275182929398682,0.977,0.992,2.49150803241001e-18
Stem.Cd74n_Young_vs_Cd74p_Old_wilcox_lfc0.1.csv,"H2.T23",4.44888722240931e-22,-0.335726040767669,0.252,0.531,8.19796448473364e-18
Stem.Cd74n_Young_vs_Cd74p_Old_wilcox_lfc0.1.csv,"Rpl21",9.84235794887612e-22,0.164464212027021,1,1,1.8136512992394e-17
Stem.Cd74n_Young_vs_Cd74p_Old_wilcox_lfc0.1.csv,"Cebpd",1.0115031301802e-21,-0.360125510873664,0.267,0.547,1.86389681798305e-17
Stem.Cd74n_Young_vs_Cd74p_Old_wilcox_lfc0.1.csv,"Tap2",2.61616400334432e-21,-0.233670504733688,0.102,0.349,4.82080540896258e-17
Stem.Cd74n_Young_vs_Cd74p_Old_wilcox_lfc0.1.csv,"mt.Cytb",2.74921407291548e-21,0.243322480360879,1,1,5.06597677216135e-17
Stem.Cd74n_Young_vs_Cd74p_Old_wilcox_lfc0.1.csv,"Spink4",3.6038576199474e-21,-0.383721188071613,0.57,0.802,6.64082843627708e-17
Stem.Cd74n_Young_vs_Cd74p_Old_wilcox_lfc0.1.csv,"Rassf4",1.70132017224268e-20,-0.325869125062963,0.29,0.568,3.13502268139159e-16
Stem.Cd74n_Young_vs_Cd74p_Old_wilcox_lfc0.1.csv,"Ttr",4.65655412465268e-20,0.423840591354051,0.58,0.298,8.5806322854975e-16
Stem.Cd74n_Young_vs_Cd74p_Old_wilcox_lfc0.1.csv,"Zg16",1.41349277333858e-19,-0.307406939198863,0.27,0.536,2.60464313343101e-15
Stem.Cd74n_Young_vs_Cd74p_Old_wilcox_lfc0.1.csv,"mt.Nd4",1.55203179813848e-19,0.225882603421787,1,1,2.85992899442977e-15
Stem.Cd74n_Young_vs_Cd74p_Old_wilcox_lfc0.1.csv,"Sfrp5",1.92070845299368e-19,0.316060433535523,0.466,0.188,3.53928946633146e-15
Stem.Cd74n_Young_vs_Cd74p_Old_wilcox_lfc0.1.csv,"Irgm1",6.83507111714963e-19,-0.24944644257898,0.112,0.338,1.25949855475716e-14
Stem.Cd74n_Young_vs_Cd74p_Old_wilcox_lfc0.1.csv,"Nrn1",9.97445071213896e-19,0.212513443274239,0.231,0.021,1.83799203272585e-14
Stem.Cd74n_Young_vs_Cd74p_Old_wilcox_lfc0.1.csv,"Arg2",1.50262763360381e-18,0.389298952175738,0.595,0.346,2.76889194044174e-14
Stem.Cd74n_Young_vs_Cd74p_Old_wilcox_lfc0.1.csv,"Rpl35",1.50961460369169e-18,-0.216852588008204,0.988,1,2.78176683022268e-14
Stem.Cd74n_Young_vs_Cd74p_Old_wilcox_lfc0.1.csv,"Txn1",3.18439487922044e-18,-0.211068512057989,1,1,5.8678844439395e-14
Stem.Cd74n_Young_vs_Cd74p_Old_wilcox_lfc0.1.csv,"Acot1",4.73041474643694e-18,0.360000589933085,0.667,0.432,8.71673525325935e-14
Stem.Cd74n_Young_vs_Cd74p_Old_wilcox_lfc0.1.csv,"Rpl6",8.54982157792732e-18,-0.208417758127937,0.993,0.997,1.57547562216467e-13
Stem.Cd74n_Young_vs_Cd74p_Old_wilcox_lfc0.1.csv,"Ciita",8.76622294816513e-18,-0.117496189122774,0.007,0.137,1.61535190265839e-13
Stem.Cd74n_Young_vs_Cd74p_Old_wilcox_lfc0.1.csv,"Hspa8",1.17748657715922e-17,0.167538422560659,1,1,2.1697545157313e-13
Stem.Cd74n_Young_vs_Cd74p_Old_wilcox_lfc0.1.csv,"Hspe1",1.38599937261561e-17,0.175860533350555,1,1,2.55398104391879e-13
Stem.Cd74n_Young_vs_Cd74p_Old_wilcox_lfc0.1.csv,"Muc13",1.3888407392744e-17,-0.282158573737349,0.881,0.965,2.55921683026094e-13
Stem.Cd74n_Young_vs_Cd74p_Old_wilcox_lfc0.1.csv,"mt.Co2",1.7848709834409e-17,0.192771773129423,1,1,3.28898176118654e-13
Stem.Cd74n_Young_vs_Cd74p_Old_wilcox_lfc0.1.csv,"Cd177",2.04699406293497e-17,-0.207839227073098,0.089,0.3,3.77199595977027e-13
Stem.Cd74n_Young_vs_Cd74p_Old_wilcox_lfc0.1.csv,"Sp140",2.09790890232689e-17,-0.127719165195682,0.021,0.172,3.86581673431777e-13
Stem.Cd74n_Young_vs_Cd74p_Old_wilcox_lfc0.1.csv,"Skap2",2.28408768101008e-17,-0.252598000599795,0.269,0.512,4.20888836979727e-13
Stem.Cd74n_Young_vs_Cd74p_Old_wilcox_lfc0.1.csv,"mt.Nd2",3.34661346970688e-17,0.224864406488083,1,0.995,6.16680464062887e-13
Stem.Cd74n_Young_vs_Cd74p_Old_wilcox_lfc0.1.csv,"Psmb10",3.75794022351567e-17,-0.247040149374423,0.904,0.954,6.92475644987233e-13
Stem.Cd74n_Young_vs_Cd74p_Old_wilcox_lfc0.1.csv,"Nox1",4.82349437195095e-17,-0.152704677412974,0.035,0.198,8.88825307919402e-13
Stem.Cd74n_Young_vs_Cd74p_Old_wilcox_lfc0.1.csv,"Rdh7",8.71418538201491e-17,0.242820879819529,0.354,0.118,1.60576294034389e-12
Stem.Cd74n_Young_vs_Cd74p_Old_wilcox_lfc0.1.csv,"Casp12",1.75816231989319e-16,-0.127252073629635,0.026,0.177,3.23976570686718e-12
Stem.Cd74n_Young_vs_Cd74p_Old_wilcox_lfc0.1.csv,"Tapbp",1.93830511726333e-16,-0.246636562900665,0.432,0.692,3.57171483958113e-12
Stem.Cd74n_Young_vs_Cd74p_Old_wilcox_lfc0.1.csv,"Klk1",2.57068601343956e-16,0.29275823735469,0.433,0.198,4.73700311696509e-12
Stem.Cd74n_Young_vs_Cd74p_Old_wilcox_lfc0.1.csv,"S100a10",2.60840892052494e-16,0.252733049144057,0.98,0.933,4.80651511785131e-12
Stem.Cd74n_Young_vs_Cd74p_Old_wilcox_lfc0.1.csv,"Ifi47",2.97462460351147e-16,-0.225996661919576,0.158,0.386,5.48134075689059e-12
Stem.Cd74n_Young_vs_Cd74p_Old_wilcox_lfc0.1.csv,"Cyyr1",8.40437611582136e-16,-0.156185188687626,0.038,0.193,1.5486743868624e-11
Stem.Cd74n_Young_vs_Cd74p_Old_wilcox_lfc0.1.csv,"Gm10020",9.65676988069725e-16,-0.288464202825105,0.529,0.702,1.77945298591608e-11
Stem.Cd74n_Young_vs_Cd74p_Old_wilcox_lfc0.1.csv,"Selenow",1.42540909536903e-15,0.271054202966657,0.873,0.772,2.62660134003651e-11
Stem.Cd74n_Young_vs_Cd74p_Old_wilcox_lfc0.1.csv,"Ccnd2",2.13282323082237e-15,0.320825443403687,0.97,0.962,3.93015336743638e-11
Stem.Cd74n_Young_vs_Cd74p_Old_wilcox_lfc0.1.csv,"Nudc",2.28209424051039e-15,0.239995645616905,0.951,0.901,4.20521505698849e-11
Stem.Cd74n_Young_vs_Cd74p_Old_wilcox_lfc0.1.csv,"Rps2",2.83908691431859e-15,0.11395860089627,1,1,5.23158545701487e-11
Stem.Cd74n_Young_vs_Cd74p_Old_wilcox_lfc0.1.csv,"Wfdc2",3.34750927889534e-15,0.187868706975018,0.204,0.027,6.16845534822044e-11
Stem.Cd74n_Young_vs_Cd74p_Old_wilcox_lfc0.1.csv,"Erh",4.46977046155643e-15,-0.268116541166709,0.766,0.855,8.23644602951003e-11
Stem.Cd74n_Young_vs_Cd74p_Old_wilcox_lfc0.1.csv,"Gm12216",8.64188615732456e-15,-0.22809107785286,0.199,0.426,1.5924403622102e-10
Stem.Cd74n_Young_vs_Cd74p_Old_wilcox_lfc0.1.csv,"Nr2e3",1.46261081423982e-14,0.262984969068172,0.409,0.18,2.69515294739971e-10
Stem.Cd74n_Young_vs_Cd74p_Old_wilcox_lfc0.1.csv,"Dcun1d4",1.5200273761021e-14,-0.190319705308158,0.109,0.303,2.80095444594335e-10
Stem.Cd74n_Young_vs_Cd74p_Old_wilcox_lfc0.1.csv,"Mt2",2.35109064871633e-14,0.316452971171315,0.395,0.169,4.33235473838959e-10
Stem.Cd74n_Young_vs_Cd74p_Old_wilcox_lfc0.1.csv,"Sec11c",2.37531598501996e-14,-0.24041356667504,0.88,0.936,4.37699476559627e-10
Stem.Cd74n_Young_vs_Cd74p_Old_wilcox_lfc0.1.csv,"X1110008L16Rik",3.37599405725732e-14,-0.276704786051329,0.535,0.732,6.22094424930806e-10
Stem.Cd74n_Young_vs_Cd74p_Old_wilcox_lfc0.1.csv,"Ech1",4.01333225085502e-14,0.223854959657049,0.965,0.903,7.39536733865055e-10
Stem.Cd74n_Young_vs_Cd74p_Old_wilcox_lfc0.1.csv,"Ccl25",4.56180595644217e-14,0.229784543099739,0.972,0.944,8.40603983593598e-10
Stem.Cd74n_Young_vs_Cd74p_Old_wilcox_lfc0.1.csv,"Slc38a1",5.05760262998477e-14,0.23292395026612,0.521,0.295,9.31964436627294e-10
Stem.Cd74n_Young_vs_Cd74p_Old_wilcox_lfc0.1.csv,"Atp1b1",5.71771066887507e-14,0.226301364077547,0.992,0.973,1.05360254495361e-09
Stem.Cd74n_Young_vs_Cd74p_Old_wilcox_lfc0.1.csv,"Ptpn6",8.64549229850151e-14,-0.280932324066176,0.292,0.504,1.59310486584487e-09
Stem.Cd74n_Young_vs_Cd74p_Old_wilcox_lfc0.1.csv,"Psme2b",1.03821276444736e-13,-0.211594113174325,0.219,0.442,1.91311466104714e-09
Stem.Cd74n_Young_vs_Cd74p_Old_wilcox_lfc0.1.csv,"H2.Q6",1.18465772139503e-13,-0.100306067375567,0.008,0.113,2.18296878321462e-09
Stem.Cd74n_Young_vs_Cd74p_Old_wilcox_lfc0.1.csv,"Fabp1",1.22963311977027e-13,0.380415392158787,0.565,0.375,2.26584494980069e-09
Stem.Cd74n_Young_vs_Cd74p_Old_wilcox_lfc0.1.csv,"Clca3a2",2.05846268850704e-13,-0.242558730456464,0.318,0.55,3.79312919611193e-09
Stem.Cd74n_Young_vs_Cd74p_Old_wilcox_lfc0.1.csv,"mt.Co3",2.45514261370919e-13,0.176115078703755,1,1,4.52409129428192e-09
Stem.Cd74n_Young_vs_Cd74p_Old_wilcox_lfc0.1.csv,"Gm15848",3.61897320850115e-13,-0.182658017077551,0.114,0.295,6.66868193130507e-09
Stem.Cd74n_Young_vs_Cd74p_Old_wilcox_lfc0.1.csv,"mt.Nd1",4.29545857906242e-13,0.189686459825395,1,1,7.91524152363832e-09
Stem.Cd74n_Young_vs_Cd74p_Old_wilcox_lfc0.1.csv,"Hmgn2",5.19294372790724e-13,-0.286018456411924,0.628,0.756,9.56903740741467e-09
Stem.Cd74n_Young_vs_Cd74p_Old_wilcox_lfc0.1.csv,"Gstp1",8.55444379676378e-13,-0.258099001900981,0.496,0.67,1.57632735842966e-08
Stem.Cd74n_Young_vs_Cd74p_Old_wilcox_lfc0.1.csv,"Nfkbiz",1.18534247160346e-12,-0.199457027824999,0.209,0.413,2.18423057242369e-08
Stem.Cd74n_Young_vs_Cd74p_Old_wilcox_lfc0.1.csv,"Irf8",1.50908246901147e-12,-0.252741504282671,0.647,0.788,2.78078626564744e-08
Stem.Cd74n_Young_vs_Cd74p_Old_wilcox_lfc0.1.csv,"Rpl29",1.86125455891848e-12,0.129927935063279,1,0.997,3.42973377571909e-08
Stem.Cd74n_Young_vs_Cd74p_Old_wilcox_lfc0.1.csv,"Cd63",2.1601638938029e-12,0.19622884451872,0.98,0.976,3.98053400711061e-08
Stem.Cd74n_Young_vs_Cd74p_Old_wilcox_lfc0.1.csv,"Hmga1",2.39908961099362e-12,-0.165444998513876,0.14,0.324,4.42080242617795e-08
Stem.Cd74n_Young_vs_Cd74p_Old_wilcox_lfc0.1.csv,"Casp4",3.35679173910616e-12,-0.175952133827744,0.138,0.327,6.18556013765091e-08
Stem.Cd74n_Young_vs_Cd74p_Old_wilcox_lfc0.1.csv,"mt.Co1",4.01174146862168e-12,0.156062879695369,1,1,7.39243600422917e-08
Stem.Cd74n_Young_vs_Cd74p_Old_wilcox_lfc0.1.csv,"mt.Atp6",4.22493966628843e-12,0.161947641020403,1,1,7.78529632306969e-08
Stem.Cd74n_Young_vs_Cd74p_Old_wilcox_lfc0.1.csv,"Tuba1b",4.9211430680465e-12,0.267171477687697,0.819,0.71,9.06819033148928e-08
Stem.Cd74n_Young_vs_Cd74p_Old_wilcox_lfc0.1.csv,"Defa30",6.56071189202972e-12,0.245264739424775,0.96,0.93,1.20894238034432e-07
Stem.Cd74n_Young_vs_Cd74p_Old_wilcox_lfc0.1.csv,"AA467197",9.27936124245795e-12,-0.172021828543014,0.086,0.241,1.70990789614773e-07
Stem.Cd74n_Young_vs_Cd74p_Old_wilcox_lfc0.1.csv,"Tff3",2.61838427796891e-11,0.237315591124925,0.535,0.743,4.82489670901331e-07
Stem.Cd74n_Young_vs_Cd74p_Old_wilcox_lfc0.1.csv,"Barx2",2.89166819108096e-11,-0.161566738244382,0.153,0.34,5.32847697570488e-07
Stem.Cd74n_Young_vs_Cd74p_Old_wilcox_lfc0.1.csv,"Ubc",3.10715847266428e-11,-0.215630996351785,0.952,0.979,5.72556091757847e-07
Stem.Cd74n_Young_vs_Cd74p_Old_wilcox_lfc0.1.csv,"Clca3b",3.9824402321012e-11,-0.167157446038796,0.995,1,7.33844261569289e-07
Stem.Cd74n_Young_vs_Cd74p_Old_wilcox_lfc0.1.csv,"Erdr1",4.63493919589496e-11,-0.168043260130256,0.114,0.276,8.54080245627565e-07
Stem.Cd74n_Young_vs_Cd74p_Old_wilcox_lfc0.1.csv,"Ppp1r1b",4.91504390994449e-11,0.188695854792114,0.987,0.973,9.05695141285472e-07
Stem.Cd74n_Young_vs_Cd74p_Old_wilcox_lfc0.1.csv,"Noxa1",5.73345027898047e-11,-0.230810292839535,0.484,0.692,1.05650288290773e-06
Stem.Cd74n_Young_vs_Cd74p_Old_wilcox_lfc0.1.csv,"Gstm3",7.4387676845246e-11,0.191853482712394,0.407,0.212,1.37074172122735e-06
Stem.Cd74n_Young_vs_Cd74p_Old_wilcox_lfc0.1.csv,"Tnfsf10",7.89473493956597e-11,-0.189537055743907,0.206,0.394,1.45476280731382e-06
Stem.Cd74n_Young_vs_Cd74p_Old_wilcox_lfc0.1.csv,"Rnf186",1.01289995204439e-10,-0.226814030118041,0.799,0.874,1.8664707416322e-06
Stem.Cd74n_Young_vs_Cd74p_Old_wilcox_lfc0.1.csv,"Fkbp5",1.45278441453062e-10,0.14134441517289,0.229,0.072,2.67704584065557e-06
Stem.Cd74n_Young_vs_Cd74p_Old_wilcox_lfc0.1.csv,"Hspd1",1.62314655663041e-10,0.154339820610634,1,1,2.99097215990285e-06
Stem.Cd74n_Young_vs_Cd74p_Old_wilcox_lfc0.1.csv,"Cast",1.86935646578805e-10,-0.190869545171344,0.277,0.477,3.44466315950765e-06
Stem.Cd74n_Young_vs_Cd74p_Old_wilcox_lfc0.1.csv,"Pgk1",1.93707578673419e-10,-0.139148305890113,0.104,0.257,3.56944955221508e-06
Stem.Cd74n_Young_vs_Cd74p_Old_wilcox_lfc0.1.csv,"Zc3h12a",2.10011974764647e-10,-0.141739367743647,0.117,0.276,3.86989065898815e-06
Stem.Cd74n_Young_vs_Cd74p_Old_wilcox_lfc0.1.csv,"Sult1b1",2.16634118898378e-10,0.222735676846367,0.445,0.257,3.99191690894041e-06
Stem.Cd74n_Young_vs_Cd74p_Old_wilcox_lfc0.1.csv,"Aadac",2.64544406001853e-10,0.221310230010888,0.745,0.638,4.87475976939615e-06
Stem.Cd74n_Young_vs_Cd74p_Old_wilcox_lfc0.1.csv,"Dus2",2.72099862882482e-10,-0.174789614807475,0.199,0.386,5.0139841733355e-06
Stem.Cd74n_Young_vs_Cd74p_Old_wilcox_lfc0.1.csv,"Cdx2",2.88895086798e-10,-0.223783150493874,0.763,0.887,5.32346976442675e-06
Stem.Cd74n_Young_vs_Cd74p_Old_wilcox_lfc0.1.csv,"Cox6b2",4.43768562927259e-10,0.152699828419176,0.222,0.072,8.17732330906059e-06
Stem.Cd74n_Young_vs_Cd74p_Old_wilcox_lfc0.1.csv,"Krt8",4.58768387707233e-10,0.17683443381047,1,1,8.45372508028119e-06
Stem.Cd74n_Young_vs_Cd74p_Old_wilcox_lfc0.1.csv,"H2.Q2",4.82409373036691e-10,-0.195532132043042,0.265,0.45,8.88935751694711e-06
Stem.Cd74n_Young_vs_Cd74p_Old_wilcox_lfc0.1.csv,"Wfdc10",5.0407691660353e-10,0.173782493219949,0.125,0.013,9.28862534225326e-06
Stem.Cd74n_Young_vs_Cd74p_Old_wilcox_lfc0.1.csv,"E230001N04Rik",6.09068319133345e-10,0.129176059337437,0.18,0.043,1.12233019166701e-05
Stem.Cd74n_Young_vs_Cd74p_Old_wilcox_lfc0.1.csv,"Bag1",7.89140430952609e-10,-0.193984034631861,0.764,0.89,1.45414907211637e-05
Stem.Cd74n_Young_vs_Cd74p_Old_wilcox_lfc0.1.csv,"Amn",7.96823582517357e-10,0.193470891926641,0.455,0.273,1.46830681550473e-05
Stem.Cd74n_Young_vs_Cd74p_Old_wilcox_lfc0.1.csv,"Defa24",8.14573716738494e-10,0.159080697440303,1,1,1.50101498783402e-05
Stem.Cd74n_Young_vs_Cd74p_Old_wilcox_lfc0.1.csv,"Gas6",8.57770287213409e-10,0.244297224372617,0.563,0.394,1.58061330824815e-05
Stem.Cd74n_Young_vs_Cd74p_Old_wilcox_lfc0.1.csv,"Rps27",9.41459887312851e-10,-0.161108460067115,0.382,0.611,1.73482813435139e-05
Stem.Cd74n_Young_vs_Cd74p_Old_wilcox_lfc0.1.csv,"Slc1a3",1.09465889132534e-09,-0.197764374286803,0.376,0.579,2.01712793904521e-05
Stem.Cd74n_Young_vs_Cd74p_Old_wilcox_lfc0.1.csv,"Akr1c19",1.14481742409161e-09,0.190238005941484,0.343,0.172,2.1095550673736e-05
Stem.Cd74n_Young_vs_Cd74p_Old_wilcox_lfc0.1.csv,"Hsph1",1.18394560711759e-09,0.232468367976063,0.779,0.66,2.18165657023558e-05
Stem.Cd74n_Young_vs_Cd74p_Old_wilcox_lfc0.1.csv,"Tapbpl",1.21656661661873e-09,-0.168828170264194,0.222,0.402,2.24176730444333e-05
Stem.Cd74n_Young_vs_Cd74p_Old_wilcox_lfc0.1.csv,"Akr1a1",1.22202240044033e-09,-0.129963234211229,0.998,1,2.25182067729139e-05
Stem.Cd74n_Young_vs_Cd74p_Old_wilcox_lfc0.1.csv,"Tm4sf20",1.49714235037755e-09,-0.168904823373907,0.987,0.997,2.75878420904072e-05
Stem.Cd74n_Young_vs_Cd74p_Old_wilcox_lfc0.1.csv,"H2.Q4",1.54033103152141e-09,-0.111380747747833,0.059,0.182,2.8383679917845e-05
Stem.Cd74n_Young_vs_Cd74p_Old_wilcox_lfc0.1.csv,"Aqp1",1.72501351233095e-09,0.212194627694262,0.787,0.673,3.17868239917225e-05
Stem.Cd74n_Young_vs_Cd74p_Old_wilcox_lfc0.1.csv,"Pnp2",1.94816862514321e-09,-0.187281338162461,0.273,0.461,3.58989032555139e-05
Stem.Cd74n_Young_vs_Cd74p_Old_wilcox_lfc0.1.csv,"Mylk3",2.05587429415389e-09,0.108839657416986,0.114,0.011,3.78835956183737e-05
Stem.Cd74n_Young_vs_Cd74p_Old_wilcox_lfc0.1.csv,"Id1",2.1090855965532e-09,0.308718473883965,0.684,0.531,3.88641202876858e-05
Stem.Cd74n_Young_vs_Cd74p_Old_wilcox_lfc0.1.csv,"Btg1",2.31352266376684e-09,-0.218374789616142,0.593,0.735,4.26312821252315e-05
Stem.Cd74n_Young_vs_Cd74p_Old_wilcox_lfc0.1.csv,"H2.T22",2.41149919877028e-09,-0.127689007396092,0.165,0.338,4.443669573574e-05
Stem.Cd74n_Young_vs_Cd74p_Old_wilcox_lfc0.1.csv,"Slc1a2",2.75263940012704e-09,0.160951055849864,0.181,0.051,5.0722886226141e-05
Stem.Cd74n_Young_vs_Cd74p_Old_wilcox_lfc0.1.csv,"Sgk1",3.10411468559934e-09,0.146311216984554,0.153,0.035,5.7199521311539e-05
Stem.Cd74n_Young_vs_Cd74p_Old_wilcox_lfc0.1.csv,"X5330417C22Rik",3.13848881573246e-09,-0.141909570077423,0.089,0.228,5.78329334075021e-05
Stem.Cd74n_Young_vs_Cd74p_Old_wilcox_lfc0.1.csv,"Galk1",3.34297650755193e-09,0.207422287997834,0.806,0.7,6.16010281046594e-05
Stem.Cd74n_Young_vs_Cd74p_Old_wilcox_lfc0.1.csv,"Cmbl",3.44071505496002e-09,0.195501311824586,0.45,0.298,6.34020563177483e-05
Stem.Cd74n_Young_vs_Cd74p_Old_wilcox_lfc0.1.csv,"Gm10076",3.86406987103315e-09,-0.185915296392776,0.47,0.651,7.12032155135278e-05
Stem.Cd74n_Young_vs_Cd74p_Old_wilcox_lfc0.1.csv,"Hnrnpa1",5.05485093930198e-09,-0.171927624915279,0.99,0.992,9.31457382585176e-05
Stem.Cd74n_Young_vs_Cd74p_Old_wilcox_lfc0.1.csv,"Bin1",5.2077507383278e-09,0.118926536825517,0.188,0.056,9.59632228551665e-05
Stem.Cd74n_Young_vs_Cd74p_Old_wilcox_lfc0.1.csv,"Gm10073",5.29427320885642e-09,-0.176937283973333,0.878,0.912,9.75575724195973e-05
Stem.Cd74n_Young_vs_Cd74p_Old_wilcox_lfc0.1.csv,"Fermt1",5.48292377382552e-09,-0.208990950730372,0.862,0.925,0.000101033836380283
Stem.Cd74n_Young_vs_Cd74p_Old_wilcox_lfc0.1.csv,"Lyn",6.00953823118534e-09,-0.111689355468023,0.081,0.209,0.000110737760986052
Stem.Cd74n_Young_vs_Cd74p_Old_wilcox_lfc0.1.csv,"Gstm1",7.29420477760271e-09,0.206089948834222,0.769,0.651,0.000134410311436885
Stem.Cd74n_Young_vs_Cd74p_Old_wilcox_lfc0.1.csv,"Idnk",7.9214715466845e-09,-0.187050338759418,0.446,0.617,0.000145968956190755
Stem.Cd74n_Young_vs_Cd74p_Old_wilcox_lfc0.1.csv,"Rps28",8.20296655059319e-09,0.144274603401447,0.997,0.989,0.000151156064627781
Stem.Cd74n_Young_vs_Cd74p_Old_wilcox_lfc0.1.csv,"Duoxa2",8.78746804979652e-09,-0.105159905775651,0.031,0.126,0.0001619266737536
Stem.Cd74n_Young_vs_Cd74p_Old_wilcox_lfc0.1.csv,"Ces2a",9.00183012007637e-09,0.177406650485759,0.438,0.257,0.000165876723622647
Stem.Cd74n_Young_vs_Cd74p_Old_wilcox_lfc0.1.csv,"Gm15013",9.6325691221309e-09,-0.175034620197627,0.542,0.705,0.000177499351213506
Stem.Cd74n_Young_vs_Cd74p_Old_wilcox_lfc0.1.csv,"Hpgd",9.83908893691032e-09,0.204490498399163,0.448,0.279,0.000181304891840446
Stem.Cd74n_Young_vs_Cd74p_Old_wilcox_lfc0.1.csv,"Prom1",1.10740750628557e-08,-0.183563298811653,0.733,0.861,0.000204061981183243
Stem.Cd74n_Young_vs_Cd74p_Old_wilcox_lfc0.1.csv,"Ifi27l2b",1.24461868231714e-08,0.199789380798013,0.845,0.724,0.00022934588459058
Stem.Cd74n_Young_vs_Cd74p_Old_wilcox_lfc0.1.csv,"Calml4",1.80141000103101e-08,0.171152305483732,0.982,0.954,0.000331945820889985
Stem.Cd74n_Young_vs_Cd74p_Old_wilcox_lfc0.1.csv,"Vkorc1",2.15464956064761e-08,0.175018296916695,0.446,0.3,0.000397037274540536
Stem.Cd74n_Young_vs_Cd74p_Old_wilcox_lfc0.1.csv,"Etfb",2.26772139733271e-08,0.184039459899059,0.941,0.895,0.000417873021886498
Stem.Cd74n_Young_vs_Cd74p_Old_wilcox_lfc0.1.csv,"H2afv",2.67571101319665e-08,0.12219363179552,0.998,0.989,0.000493053268401746
Stem.Cd74n_Young_vs_Cd74p_Old_wilcox_lfc0.1.csv,"Prdx2",2.78289016393507e-08,-0.115086764035894,0.997,0.992,0.000512803170508315
Stem.Cd74n_Young_vs_Cd74p_Old_wilcox_lfc0.1.csv,"Stat1",3.38523288208868e-08,-0.173425666363823,0.175,0.316,0.000623796863182482
Stem.Cd74n_Young_vs_Cd74p_Old_wilcox_lfc0.1.csv,"Cd9",3.80422782941668e-08,-0.204050609730932,0.811,0.895,0.000701005062126611
Stem.Cd74n_Young_vs_Cd74p_Old_wilcox_lfc0.1.csv,"Pgam1",4.16445799891331e-08,0.16511435304268,0.937,0.895,0.000767384675459756
Stem.Cd74n_Young_vs_Cd74p_Old_wilcox_lfc0.1.csv,"Tmsb10",4.2829541776909e-08,-0.160210630560706,0.705,0.823,0.000789219966323103
Stem.Cd74n_Young_vs_Cd74p_Old_wilcox_lfc0.1.csv,"Clic1",4.42369527325184e-08,-0.189830087952693,0.89,0.933,0.000815154328002117
Stem.Cd74n_Young_vs_Cd74p_Old_wilcox_lfc0.1.csv,"Pla2g16",4.51699984422399e-08,-0.190603329397164,0.712,0.82,0.000832347561295154
Stem.Cd74n_Young_vs_Cd74p_Old_wilcox_lfc0.1.csv,"Plgrkt",5.19928104993285e-08,-0.197413691895663,0.725,0.802,0.000958071519071126
Stem.Cd74n_Young_vs_Cd74p_Old_wilcox_lfc0.1.csv,"Rflnb",6.32064684332699e-08,0.192051911470265,0.42,0.279,0.00116470559381987
Stem.Cd74n_Young_vs_Cd74p_Old_wilcox_lfc0.1.csv,"Khk",6.4123027187724e-08,0.185797714088144,0.778,0.67,0.00118159502198819
Stem.Cd74n_Young_vs_Cd74p_Old_wilcox_lfc0.1.csv,"Sult1d1",6.87212728854677e-08,0.22545956367482,0.654,0.517,0.00126632689546051
Stem.Cd74n_Young_vs_Cd74p_Old_wilcox_lfc0.1.csv,"Smim24",8.79864949129957e-08,0.225113066877426,0.896,0.858,0.00162132714176177
Stem.Cd74n_Young_vs_Cd74p_Old_wilcox_lfc0.1.csv,"Krt7",9.16796115166046e-08,0.186347136458256,0.796,0.7,0.00168938020141647
Stem.Cd74n_Young_vs_Cd74p_Old_wilcox_lfc0.1.csv,"Eif5b",9.62864691679496e-08,0.180677343542455,0.85,0.777,0.00177427076735781
Stem.Cd74n_Young_vs_Cd74p_Old_wilcox_lfc0.1.csv,"Pon2",1.02998956841143e-07,0.179756582573886,0.822,0.735,0.00189796177771175
Stem.Cd74n_Young_vs_Cd74p_Old_wilcox_lfc0.1.csv,"Mgam",1.05855118443979e-07,-0.172229369063614,0.578,0.702,0.0019505922675672
Stem.Cd74n_Young_vs_Cd74p_Old_wilcox_lfc0.1.csv,"Cnn3",1.07978848605088e-07,-0.178928917006135,0.896,0.925,0.00198972624324595
Stem.Cd74n_Young_vs_Cd74p_Old_wilcox_lfc0.1.csv,"Cda",1.08023302561377e-07,0.185692617837655,0.75,0.643,0.00199054539629849
Stem.Cd74n_Young_vs_Cd74p_Old_wilcox_lfc0.1.csv,"Psma5",1.11975944426532e-07,-0.131157816586464,0.97,0.987,0.0020633807279477
Stem.Cd74n_Young_vs_Cd74p_Old_wilcox_lfc0.1.csv,"Lyar",1.12343960931329e-07,0.161064972521866,0.868,0.777,0.0020701621680816
Stem.Cd74n_Young_vs_Cd74p_Old_wilcox_lfc0.1.csv,"Defa17",1.12656444049971e-07,0.144903745641844,0.339,0.193,0.00207592029450881
Stem.Cd74n_Young_vs_Cd74p_Old_wilcox_lfc0.1.csv,"Cycs",1.13829455367879e-07,0.169493748595216,0.9,0.812,0.0020975353740639
Stem.Cd74n_Young_vs_Cd74p_Old_wilcox_lfc0.1.csv,"H2.M3",1.15927040852786e-07,-0.104730786729175,0.063,0.166,0.00213618758179429
Stem.Cd74n_Young_vs_Cd74p_Old_wilcox_lfc0.1.csv,"Apobec3",1.19612098799228e-07,-0.246459592312686,0.507,0.643,0.00220409214457338
Stem.Cd74n_Young_vs_Cd74p_Old_wilcox_lfc0.1.csv,"Ahsa1",1.38580915351577e-07,0.156469602998595,0.929,0.925,0.00255363052718352
Stem.Cd74n_Young_vs_Cd74p_Old_wilcox_lfc0.1.csv,"Gm1123",1.81481521037521e-07,-0.167695362202674,0.934,0.965,0.0033441599881584
Stem.Cd74n_Young_vs_Cd74p_Old_wilcox_lfc0.1.csv,"Tubb4b",1.94689405601037e-07,0.223949297643705,0.825,0.737,0.00358754167701031
Stem.Cd74n_Young_vs_Cd74p_Old_wilcox_lfc0.1.csv,"Pomp",1.95458245523221e-07,-0.147361197388436,0.982,0.984,0.0036017090902564
Stem.Cd74n_Young_vs_Cd74p_Old_wilcox_lfc0.1.csv,"Ptgr1",2.39072051588711e-07,0.185767102418717,0.842,0.807,0.00440538069462518
Stem.Cd74n_Young_vs_Cd74p_Old_wilcox_lfc0.1.csv,"Ldha",2.79851247388733e-07,0.153738018934264,0.995,0.995,0.00515681893563218
Stem.Cd74n_Young_vs_Cd74p_Old_wilcox_lfc0.1.csv,"Pdgfa",2.96797328979506e-07,-0.206325108047085,0.394,0.552,0.00546908438110536
Stem.Cd74n_Young_vs_Cd74p_Old_wilcox_lfc0.1.csv,"Irf9",3.28489357747935e-07,-0.10327108613655,0.087,0.201,0.00605307339522119
Stem.Cd74n_Young_vs_Cd74p_Old_wilcox_lfc0.1.csv,"Psmb2",3.86625437316065e-07,-0.126755599757515,0.975,0.984,0.00712434693342313
Stem.Cd74n_Young_vs_Cd74p_Old_wilcox_lfc0.1.csv,"Nop56",5.14733131785804e-07,0.157262404705685,0.913,0.906,0.00948498741941702
Stem.Cd74n_Young_vs_Cd74p_Old_wilcox_lfc0.1.csv,"Gip",5.49680411276062e-07,-1.41338258093346,0.061,0.158,0.010128960938584
Stem.Cd74n_Young_vs_Cd74p_Old_wilcox_lfc0.1.csv,"Hsd17b13",5.54962140208676e-07,0.124101717337878,0.241,0.115,0.0102262873576253
Stem.Cd74n_Young_vs_Cd74p_Old_wilcox_lfc0.1.csv,"Hook1",5.80483686908334e-07,-0.172418158627283,0.871,0.893,0.0106965728986599
Stem.Cd74n_Young_vs_Cd74p_Old_wilcox_lfc0.1.csv,"Acadvl",5.82999329590231e-07,0.182393685848303,0.769,0.705,0.0107429286463592
Stem.Cd74n_Young_vs_Cd74p_Old_wilcox_lfc0.1.csv,"Gm3336",6.2282307415787e-07,0.152650147045957,0.272,0.145,0.0114767607875071
Stem.Cd74n_Young_vs_Cd74p_Old_wilcox_lfc0.1.csv,"Casp1",7.40171077833074e-07,-0.156977407491445,0.685,0.804,0.0136391324512301
Stem.Cd74n_Young_vs_Cd74p_Old_wilcox_lfc0.1.csv,"Tubb2b",8.58455256304024e-07,-0.22391042554514,0.334,0.491,0.0158187550079142
Stem.Cd74n_Young_vs_Cd74p_Old_wilcox_lfc0.1.csv,"Hpdl",9.64081387176419e-07,0.104365205332433,0.216,0.099,0.0177651277214999
Stem.Cd74n_Young_vs_Cd74p_Old_wilcox_lfc0.1.csv,"Sfn",1.0658697968112e-06,0.208535742333071,0.736,0.622,0.01964078274584
Stem.Cd74n_Young_vs_Cd74p_Old_wilcox_lfc0.1.csv,"Gstt1",1.30643112488733e-06,0.151601549672292,0.432,0.292,0.0240736063382988
Stem.Cd74n_Young_vs_Cd74p_Old_wilcox_lfc0.1.csv,"Fam213b",1.59624162162172e-06,0.146433296877423,0.547,0.399,0.0294139443616235
Stem.Cd74n_Young_vs_Cd74p_Old_wilcox_lfc0.1.csv,"Adh1",1.61455556524921e-06,0.246905802543354,0.526,0.402,0.0297514154008473
Stem.Cd74n_Young_vs_Cd74p_Old_wilcox_lfc0.1.csv,"Pigr",1.64313488772904e-06,-0.108152094495131,1,1,0.030278046576183
Stem.Cd74n_Young_vs_Cd74p_Old_wilcox_lfc0.1.csv,"Klf6",1.76613822602091e-06,-0.130707413747829,0.17,0.306,0.0325446290908873
Stem.Cd74n_Young_vs_Cd74p_Old_wilcox_lfc0.1.csv,"Bsg",1.77253716818708e-06,0.112315849979659,1,1,0.0326625423981834
Stem.Cd74n_Young_vs_Cd74p_Old_wilcox_lfc0.1.csv,"Car4",1.84035381952014e-06,0.187432659888021,0.252,0.137,0.0339121998322976
Stem.Cd74n_Young_vs_Cd74p_Old_wilcox_lfc0.1.csv,"Eif5a",1.97320909821818e-06,-0.115477180984008,1,1,0.0363603240528664
Stem.Cd74n_Young_vs_Cd74p_Old_wilcox_lfc0.1.csv,"Anxa4",2.02914783595023e-06,-0.135492490879534,0.947,0.979,0.0373911071730549
Stem.Cd74n_Young_vs_Cd74p_Old_wilcox_lfc0.1.csv,"Slc12a2",2.05862940602786e-06,0.167761448892171,0.97,0.944,0.0379343640648754
Stem.Cd74n_Young_vs_Cd74p_Old_wilcox_lfc0.1.csv,"Rpl10.ps3",2.29358575198803e-06,-0.145303772723146,0.901,0.93,0.0422639046518834
Stem.Cd74n_Young_vs_Cd74p_Old_wilcox_lfc0.1.csv,"Zfp207",2.31295998510193e-06,-0.13375526317564,0.787,0.866,0.0426209136454732
Stem.Cd74n_Young_vs_Cd74p_Old_wilcox_lfc0.1.csv,"Cox5b",2.38957502611325e-06,-0.108220326427099,0.993,1,0.0440326990061888
Stem.Cd74n_Young_vs_Cd74p_Old_wilcox_lfc0.1.csv,"Mxd4",2.40312772321934e-06,-0.103297506477059,0.142,0.265,0.0442824345557628
Stem.Cd74n_Young_vs_Cd74p_Old_wilcox_lfc0.1.csv,"Nceh1",2.51136209369681e-06,0.12888543127584,0.288,0.166,0.0462768693005512
Stem.Cd74n_Young_vs_Cd74p_Old_wilcox_lfc0.1.csv,"Cd302",2.51584502241802e-06,-0.178114588506953,0.614,0.732,0.0463594762280969
Stem.Cd74n_Young_vs_Cd74p_Old_wilcox_lfc0.1.csv,"Adh6a",2.78688233217125e-06,0.217198818619123,0.297,0.174,0.0513538807349196
Stem.Cd74n_Young_vs_Cd74p_Old_wilcox_lfc0.1.csv,"Cnp",3.55502251455225e-06,-0.115414556930329,0.226,0.367,0.0655083998756543
Stem.Cd74n_Young_vs_Cd74p_Old_wilcox_lfc0.1.csv,"Pitx1",3.66754271873733e-06,-0.121789742270869,0.229,0.365,0.0675818096781727
Stem.Cd74n_Young_vs_Cd74p_Old_wilcox_lfc0.1.csv,"Gpd1",3.70321017094788e-06,0.149153947269547,0.483,0.359,0.0682390538200565
Stem.Cd74n_Young_vs_Cd74p_Old_wilcox_lfc0.1.csv,"Ada",3.73881679859917e-06,-0.121966016655333,0.183,0.311,0.0688951771477868
Stem.Cd74n_Young_vs_Cd74p_Old_wilcox_lfc0.1.csv,"Ssx2ip",4.18438622492913e-06,-0.1140043981402,0.196,0.335,0.077105684966769
Stem.Cd74n_Young_vs_Cd74p_Old_wilcox_lfc0.1.csv,"Akr1c13",4.22230260980323e-06,0.172334555165596,0.807,0.724,0.077804370190844
Stem.Cd74n_Young_vs_Cd74p_Old_wilcox_lfc0.1.csv,"Ogt",4.29570187199725e-06,-0.152931482313084,0.778,0.861,0.0791568983952933
Stem.Cd74n_Young_vs_Cd74p_Old_wilcox_lfc0.1.csv,"Chd2",4.99482072873946e-06,-0.145803075820204,0.277,0.421,0.092039561568482
Stem.Cd74n_Young_vs_Cd74p_Old_wilcox_lfc0.1.csv,"Ide",5.45528031188752e-06,-0.13603524668144,0.339,0.475,0.100524450307151
Stem.Cd74n_Young_vs_Cd74p_Old_wilcox_lfc0.1.csv,"Slc39a8",5.66914549499745e-06,-0.108326063257796,0.217,0.362,0.104465344036318
Stem.Cd74n_Young_vs_Cd74p_Old_wilcox_lfc0.1.csv,"Aldh1b1",6.0965357573363e-06,0.103818465455106,1,0.997,0.112340864400436
Stem.Cd74n_Young_vs_Cd74p_Old_wilcox_lfc0.1.csv,"Dync1li2",6.15919336633487e-06,-0.107398024472549,0.176,0.306,0.113495456161453
Stem.Cd74n_Young_vs_Cd74p_Old_wilcox_lfc0.1.csv,"Socs2",6.616811576885e-06,-0.15505103332283,0.727,0.807,0.12192798692726
Stem.Cd74n_Young_vs_Cd74p_Old_wilcox_lfc0.1.csv,"Cps1",6.86233419644505e-06,0.132345890166936,0.993,0.979,0.126452232237893
Stem.Cd74n_Young_vs_Cd74p_Old_wilcox_lfc0.1.csv,"Sycn",6.86437198781579e-06,0.128938532450084,0.191,0.088,0.126489782619482
Stem.Cd74n_Young_vs_Cd74p_Old_wilcox_lfc0.1.csv,"Ppdpf",8.70037136810905e-06,0.135581207146526,0.87,0.777,0.160321743200145
Stem.Cd74n_Young_vs_Cd74p_Old_wilcox_lfc0.1.csv,"Map1lc3b",8.83204322231818e-06,-0.13584182771398,0.809,0.885,0.162748060457657
Stem.Cd74n_Young_vs_Cd74p_Old_wilcox_lfc0.1.csv,"Cir1",9.17109643084094e-06,-0.118110228198622,0.231,0.357,0.168995793931106
Stem.Cd74n_Young_vs_Cd74p_Old_wilcox_lfc0.1.csv,"Abracl",9.40595532537578e-06,-0.132571903583704,0.929,0.936,0.1733235387807
Stem.Cd74n_Young_vs_Cd74p_Old_wilcox_lfc0.1.csv,"Tspan8",9.7362265702331e-06,0.142323414425185,0.992,0.992,0.179409447009685
Stem.Cd74n_Young_vs_Cd74p_Old_wilcox_lfc0.1.csv,"Grn",1.01672752512205e-05,-0.126078538407653,0.442,0.584,0.18735238105424
Stem.Cd74n_Young_vs_Cd74p_Old_wilcox_lfc0.1.csv,"Ift27",1.03928365796783e-05,-0.10260117271361,0.236,0.375,0.191508799653732
Stem.Cd74n_Young_vs_Cd74p_Old_wilcox_lfc0.1.csv,"Acsl3",1.04181541716635e-05,0.146769295853892,0.334,0.217,0.191975326921243
Stem.Cd74n_Young_vs_Cd74p_Old_wilcox_lfc0.1.csv,"Tmem208",1.06738698962834e-05,0.128924357496191,0.956,0.906,0.196687400578814
Stem.Cd74n_Young_vs_Cd74p_Old_wilcox_lfc0.1.csv,"Tnfsf13os",1.1081641082274e-05,-0.155039819585487,0.354,0.491,0.204201400223063
Stem.Cd74n_Young_vs_Cd74p_Old_wilcox_lfc0.1.csv,"Pbld2",1.11968090771275e-05,0.101511532901245,0.392,0.255,0.206323600864228
Stem.Cd74n_Young_vs_Cd74p_Old_wilcox_lfc0.1.csv,"Srsf11",1.14622004787326e-05,-0.139985454213636,0.895,0.925,0.211213968221606
Stem.Cd74n_Young_vs_Cd74p_Old_wilcox_lfc0.1.csv,"Cct7",1.16185760841461e-05,0.120962330754605,0.984,0.965,0.21409550150256
Stem.Cd74n_Young_vs_Cd74p_Old_wilcox_lfc0.1.csv,"Gm5617",1.24566676503477e-05,0.111899985414122,0.229,0.123,0.229539014792957
Stem.Cd74n_Young_vs_Cd74p_Old_wilcox_lfc0.1.csv,"S100g",1.25035262255576e-05,0.116338060590048,0.176,0.078,0.23040247775835
Stem.Cd74n_Young_vs_Cd74p_Old_wilcox_lfc0.1.csv,"Chd9",1.28945274685033e-05,-0.123815680323928,0.25,0.389,0.237607457662111
Stem.Cd74n_Young_vs_Cd74p_Old_wilcox_lfc0.1.csv,"Zc3hav1",1.29873063714617e-05,-0.140285204278099,0.264,0.397,0.239317094506925
Stem.Cd74n_Young_vs_Cd74p_Old_wilcox_lfc0.1.csv,"Zfp36l2",1.29979326533943e-05,0.155372809255957,0.689,0.617,0.239512905004097
Stem.Cd74n_Young_vs_Cd74p_Old_wilcox_lfc0.1.csv,"Ces1f",1.31086738344882e-05,0.128915046363328,0.186,0.088,0.241553532748114
Stem.Cd74n_Young_vs_Cd74p_Old_wilcox_lfc0.1.csv,"Fkbp4",1.33798322033086e-05,0.112316433937692,0.998,0.987,0.246550168010367
Stem.Cd74n_Young_vs_Cd74p_Old_wilcox_lfc0.1.csv,"Tagln2",1.48811053938285e-05,0.124149137041568,0.944,0.893,0.274214129092078
Stem.Cd74n_Young_vs_Cd74p_Old_wilcox_lfc0.1.csv,"Defa21",1.51257660623343e-05,-0.112791778069005,0.096,0.19,0.278722491230633
Stem.Cd74n_Young_vs_Cd74p_Old_wilcox_lfc0.1.csv,"Ahsa2",1.55306795665591e-05,0.153748061418832,0.555,0.448,0.286183832372985
Stem.Cd74n_Young_vs_Cd74p_Old_wilcox_lfc0.1.csv,"Insl6",1.62815471252338e-05,-0.110420603707054,0.145,0.252,0.300020068876683
Stem.Cd74n_Young_vs_Cd74p_Old_wilcox_lfc0.1.csv,"Tomm20",1.63523906715986e-05,0.104670748978594,0.998,0.997,0.301325502905547
Stem.Cd74n_Young_vs_Cd74p_Old_wilcox_lfc0.1.csv,"Ccl28",1.70442214573566e-05,-0.108732584828503,0.252,0.394,0.314073868794711
Stem.Cd74n_Young_vs_Cd74p_Old_wilcox_lfc0.1.csv,"Gmds",1.8774913194981e-05,-0.138633501217042,0.939,0.952,0.345965325443915
Stem.Cd74n_Young_vs_Cd74p_Old_wilcox_lfc0.1.csv,"Pim1",1.92211623836526e-05,-0.109050138375118,0.168,0.284,0.354188359243566
Stem.Cd74n_Young_vs_Cd74p_Old_wilcox_lfc0.1.csv,"Atp13a3",1.95756977674802e-05,0.135422918597596,0.428,0.327,0.360721382761357
Stem.Cd74n_Young_vs_Cd74p_Old_wilcox_lfc0.1.csv,"Ndufs5",2.00635979048688e-05,0.1294253710247,0.929,0.917,0.369711918593016
Stem.Cd74n_Young_vs_Cd74p_Old_wilcox_lfc0.1.csv,"Phb",2.45243262553696e-05,-0.134916836028261,0.786,0.826,0.451909759907696
Stem.Cd74n_Young_vs_Cd74p_Old_wilcox_lfc0.1.csv,"Oit1",2.54267376717314e-05,-0.162592408287188,0.53,0.66,0.468538495076995
Stem.Cd74n_Young_vs_Cd74p_Old_wilcox_lfc0.1.csv,"Hmgn5",2.71156677610038e-05,-0.14017600638547,0.787,0.861,0.499660409832018
Stem.Cd74n_Young_vs_Cd74p_Old_wilcox_lfc0.1.csv,"Ywhah",2.74653425376116e-05,-0.126856627563381,0.852,0.93,0.506103866940569
Stem.Cd74n_Young_vs_Cd74p_Old_wilcox_lfc0.1.csv,"Usp2",2.81680769584424e-05,0.113320302578879,0.247,0.145,0.519053154113219
Stem.Cd74n_Young_vs_Cd74p_Old_wilcox_lfc0.1.csv,"Dhrs4",3.32328675187724e-05,0.126179243835017,0.974,0.976,0.612382049768419
Stem.Cd74n_Young_vs_Cd74p_Old_wilcox_lfc0.1.csv,"Luc7l3",3.46192525582031e-05,-0.122186563695692,0.85,0.922,0.637928966890008
Stem.Cd74n_Young_vs_Cd74p_Old_wilcox_lfc0.1.csv,"Tubb5",3.86161816194149e-05,-0.139773564216907,0.944,0.976,0.711580378700958
Stem.Cd74n_Young_vs_Cd74p_Old_wilcox_lfc0.1.csv,"Fbp2",3.96115819217602e-05,0.123798205276818,0.959,0.922,0.729922620072275
Stem.Cd74n_Young_vs_Cd74p_Old_wilcox_lfc0.1.csv,"Angptl4",3.97933374708885e-05,0.118048071584761,0.198,0.105,0.733271829576062
Stem.Cd74n_Young_vs_Cd74p_Old_wilcox_lfc0.1.csv,"Thrap3",4.18895803579428e-05,-0.132081542439842,0.687,0.783,0.771899297255813
Stem.Cd74n_Young_vs_Cd74p_Old_wilcox_lfc0.1.csv,"Mphosph10",4.40400912748191e-05,0.118448213356385,0.651,0.571,0.811526761921092
Stem.Cd74n_Young_vs_Cd74p_Old_wilcox_lfc0.1.csv,"Nenf",4.64888792454969e-05,0.11400509296582,0.446,0.324,0.856650577856772
Stem.Cd74n_Young_vs_Cd74p_Old_wilcox_lfc0.1.csv,"Cdo1",4.87828986952926e-05,-0.123901183654544,0.631,0.745,0.898922474258156
Stem.Cd74n_Young_vs_Cd74p_Old_wilcox_lfc0.1.csv,"Psma2",4.91200410932904e-05,-0.107643360830296,0.979,0.989,0.905134997226062
Stem.Cd74n_Young_vs_Cd74p_Old_wilcox_lfc0.1.csv,"Mkrn2os",4.9779599140859e-05,-0.115983899311137,0.145,0.247,0.917288673368609
Stem.Cd74n_Young_vs_Cd74p_Old_wilcox_lfc0.1.csv,"Qdpr",5.13788377615795e-05,0.134450305897982,0.787,0.745,0.946757843432625
Stem.Cd74n_Young_vs_Cd74p_Old_wilcox_lfc0.1.csv,"Ndufaf4",5.41230331750671e-05,0.142943728523284,0.771,0.692,0.997325132316962
Stem.Cd74n_Young_vs_Cd74p_Old_wilcox_lfc0.1.csv,"Mrto4",5.55719035857581e-05,0.106159017150961,0.707,0.603,1
Stem.Cd74n_Young_vs_Cd74p_Old_wilcox_lfc0.1.csv,"Ndufa7",5.82223495042952e-05,0.110356132245503,0.997,0.987,1
Stem.Cd74n_Young_vs_Cd74p_Old_wilcox_lfc0.1.csv,"Gm42418",5.9468259424299e-05,-0.253684943902919,0.979,0.995,1
Stem.Cd74n_Young_vs_Cd74p_Old_wilcox_lfc0.1.csv,"Slc52a2",6.33577086083567e-05,0.100997539810257,0.267,0.166,1
Stem.Cd74n_Young_vs_Cd74p_Old_wilcox_lfc0.1.csv,"Homer2",6.77100687091021e-05,0.129339484711045,0.376,0.273,1
Stem.Cd74n_Young_vs_Cd74p_Old_wilcox_lfc0.1.csv,"Eno1",7.70116381144907e-05,-0.128118721536013,0.672,0.737,1
Stem.Cd74n_Young_vs_Cd74p_Old_wilcox_lfc0.1.csv,"Foxa3",7.78753850883273e-05,0.144008113428641,0.547,0.437,1
Stem.Cd74n_Young_vs_Cd74p_Old_wilcox_lfc0.1.csv,"Nav2",7.87547224427384e-05,-0.10726910542202,0.26,0.391,1
Stem.Cd74n_Young_vs_Cd74p_Old_wilcox_lfc0.1.csv,"Idh1",8.9641409510299e-05,-0.126608199535618,0.376,0.507,1
Stem.Cd74n_Young_vs_Cd74p_Old_wilcox_lfc0.1.csv,"Krtcap2",9.13410484872702e-05,0.119919976221425,0.949,0.936,1
Stem.Cd74n_Young_vs_Cd74p_Old_wilcox_lfc0.1.csv,"Snx7",9.54691182485067e-05,0.142119995227061,0.694,0.643,1
Stem.Cd74n_Young_vs_Cd74p_Old_wilcox_lfc0.1.csv,"Sdc1",9.91338508596356e-05,0.13219314313671,0.61,0.512,1
Stem.Cd74n_Young_vs_Cd74p_Old_wilcox_lfc0.1.csv,"Reg1",9.91448825116114e-05,-0.128723921100749,0.277,0.386,1
Stem.Cd74n_Young_vs_Cd74p_Old_wilcox_lfc0.1.csv,"Ceacam1",9.92231480071315e-05,-0.148287303324944,0.629,0.748,1
Stem.Cd74n_Young_vs_Cd74p_Old_wilcox_lfc0.1.csv,"Spout1",0.000101274518746558,0.116915912352657,0.423,0.308,1
Stem.Cd74n_Young_vs_Cd74p_Old_wilcox_lfc0.1.csv,"Sf1",0.000105525204227129,0.12734345426638,0.527,0.41,1
Stem.Cd74n_Young_vs_Cd74p_Old_wilcox_lfc0.1.csv,"Nfkbia",0.000107592452851353,-0.193535592053837,0.751,0.791,1
Stem.Cd74n_Young_vs_Cd74p_Old_wilcox_lfc0.1.csv,"Fgfbp1",0.000109713165610279,0.187083813330784,0.623,0.55,1
Stem.Cd74n_Young_vs_Cd74p_Old_wilcox_lfc0.1.csv,"Ggact",0.000111088518150277,-0.106134273477898,0.526,0.662,1
Stem.Cd74n_Young_vs_Cd74p_Old_wilcox_lfc0.1.csv,"Pdcd6",0.000115999862182049,-0.123103879687702,0.903,0.928,1
Stem.Cd74n_Young_vs_Cd74p_Old_wilcox_lfc0.1.csv,"mt.Nd5",0.000121508871035176,0.114269606738819,0.962,0.946,1
Stem.Cd74n_Young_vs_Cd74p_Old_wilcox_lfc0.1.csv,"Fos",0.000121697581492208,0.266659107473634,0.381,0.271,1
Stem.Cd74n_Young_vs_Cd74p_Old_wilcox_lfc0.1.csv,"Litaf",0.000123417457691253,-0.109705533387537,0.219,0.324,1
Stem.Cd74n_Young_vs_Cd74p_Old_wilcox_lfc0.1.csv,"Pmvk",0.000123561070747719,-0.134051048611423,0.415,0.528,1
Stem.Cd74n_Young_vs_Cd74p_Old_wilcox_lfc0.1.csv,"Xbp1",0.000124532402330245,-0.130799041162412,0.674,0.777,1
Stem.Cd74n_Young_vs_Cd74p_Old_wilcox_lfc0.1.csv,"Rpl15",0.000129469111831086,0.116543169213211,0.974,0.933,1
Stem.Cd74n_Young_vs_Cd74p_Old_wilcox_lfc0.1.csv,"Erbb3",0.000134962654482196,-0.131501385835786,0.371,0.483,1
Stem.Cd74n_Young_vs_Cd74p_Old_wilcox_lfc0.1.csv,"Eci2",0.000140684895871335,0.116872533793003,0.667,0.587,1
Stem.Cd74n_Young_vs_Cd74p_Old_wilcox_lfc0.1.csv,"Gm14851",0.000143430278162484,0.14128649407788,0.731,0.654,1
Stem.Cd74n_Young_vs_Cd74p_Old_wilcox_lfc0.1.csv,"Trp53",0.000156548321489251,-0.103175439721232,0.898,0.938,1
Stem.Cd74n_Young_vs_Cd74p_Old_wilcox_lfc0.1.csv,"Ccnd1",0.000157915615927958,-0.142121409473581,0.736,0.772,1
Stem.Cd74n_Young_vs_Cd74p_Old_wilcox_lfc0.1.csv,"Chgb",0.000170512570005283,-0.264149617350652,0.094,0.177,1
Stem.Cd74n_Young_vs_Cd74p_Old_wilcox_lfc0.1.csv,"Psma1",0.000170671007263648,-0.110151694688019,0.974,0.992,1
Stem.Cd74n_Young_vs_Cd74p_Old_wilcox_lfc0.1.csv,"Pus1",0.00017249587917504,0.125966774211527,0.708,0.662,1
Stem.Cd74n_Young_vs_Cd74p_Old_wilcox_lfc0.1.csv,"Fdps",0.0001760710432874,-0.133156272477832,0.333,0.448,1
Stem.Cd74n_Young_vs_Cd74p_Old_wilcox_lfc0.1.csv,"U2surp",0.000179155654520908,0.126527428500753,0.758,0.665,1
Stem.Cd74n_Young_vs_Cd74p_Old_wilcox_lfc0.1.csv,"Glrx",0.000179341157481396,0.149113427098619,0.796,0.759,1
Stem.Cd74n_Young_vs_Cd74p_Old_wilcox_lfc0.1.csv,"S100a11",0.000185871186058272,-0.125443043304766,0.61,0.716,1
Stem.Cd74n_Young_vs_Cd74p_Old_wilcox_lfc0.1.csv,"Tmprss4",0.000186923045981898,-0.141473237166856,0.758,0.78,1
Stem.Cd74n_Young_vs_Cd74p_Old_wilcox_lfc0.1.csv,"Acsl1",0.000199031931884997,0.118764521561742,0.415,0.314,1
Stem.Cd74n_Young_vs_Cd74p_Old_wilcox_lfc0.1.csv,"Cisd3",0.000202466775888353,0.125131497838342,0.896,0.836,1
Stem.Cd74n_Young_vs_Cd74p_Old_wilcox_lfc0.1.csv,"Idh3a",0.000204213687994044,0.105513789077606,0.926,0.898,1
Stem.Cd74n_Young_vs_Cd74p_Old_wilcox_lfc0.1.csv,"Hsp90b1",0.000206895709937698,0.12782309351562,0.977,0.968,1
Stem.Cd74n_Young_vs_Cd74p_Old_wilcox_lfc0.1.csv,"Sh3bgrl",0.00020718169902371,-0.104160216549388,0.596,0.692,1
Stem.Cd74n_Young_vs_Cd74p_Old_wilcox_lfc0.1.csv,"Plek2",0.000219539880501242,0.12231612267726,0.501,0.426,1
Stem.Cd74n_Young_vs_Cd74p_Old_wilcox_lfc0.1.csv,"Rbmxl1",0.000223661784680518,0.11182161903382,0.855,0.807,1
Stem.Cd74n_Young_vs_Cd74p_Old_wilcox_lfc0.1.csv,"Thra",0.000226722554963331,0.139880287703875,0.616,0.534,1
Stem.Cd74n_Young_vs_Cd74p_Old_wilcox_lfc0.1.csv,"Snx10",0.000228684630658182,-0.123412456841123,0.376,0.496,1
Stem.Cd74n_Young_vs_Cd74p_Old_wilcox_lfc0.1.csv,"Nmi",0.00024019364342146,-0.127254934969652,0.418,0.534,1
Stem.Cd74n_Young_vs_Cd74p_Old_wilcox_lfc0.1.csv,"Lgals2",0.000243135216972802,0.129557970620319,1,1,1
Stem.Cd74n_Young_vs_Cd74p_Old_wilcox_lfc0.1.csv,"Tuba4a",0.000244007668619826,0.114561965279878,0.565,0.464,1
Stem.Cd74n_Young_vs_Cd74p_Old_wilcox_lfc0.1.csv,"Pisd",0.000247011586146094,0.1031474689724,0.786,0.718,1
Stem.Cd74n_Young_vs_Cd74p_Old_wilcox_lfc0.1.csv,"Rmdn3",0.000249165289658665,-0.112145383847117,0.412,0.536,1
Stem.Cd74n_Young_vs_Cd74p_Old_wilcox_lfc0.1.csv,"Pttg1",0.000258572055632371,-0.111671063911113,0.407,0.525,1
Stem.Cd74n_Young_vs_Cd74p_Old_wilcox_lfc0.1.csv,"Ifi27",0.000282374302957995,0.106490183589679,0.28,0.185,1
Stem.Cd74n_Young_vs_Cd74p_Old_wilcox_lfc0.1.csv,"Wbp5",0.000314372089807823,0.128592938513574,0.804,0.791,1
Stem.Cd74n_Young_vs_Cd74p_Old_wilcox_lfc0.1.csv,"B3gnt3",0.000321224387970694,0.117593423784479,0.387,0.29,1
Stem.Cd74n_Young_vs_Cd74p_Old_wilcox_lfc0.1.csv,"Pkm",0.000321876322272863,0.129223858034902,0.929,0.92,1
Stem.Cd74n_Young_vs_Cd74p_Old_wilcox_lfc0.1.csv,"Mettl26",0.000322742609530443,0.111500719559471,0.871,0.845,1
Stem.Cd74n_Young_vs_Cd74p_Old_wilcox_lfc0.1.csv,"Erap1",0.000324015702977409,-0.10426867619185,0.292,0.41,1
Stem.Cd74n_Young_vs_Cd74p_Old_wilcox_lfc0.1.csv,"Snx6",0.000333286066315466,-0.104960980987787,0.728,0.794,1
Stem.Cd74n_Young_vs_Cd74p_Old_wilcox_lfc0.1.csv,"Bcas2",0.000338282045238127,-0.110732898276991,0.911,0.944,1
Stem.Cd74n_Young_vs_Cd74p_Old_wilcox_lfc0.1.csv,"Smdt1",0.000377133084377465,-0.112895661217527,0.946,0.938,1
Stem.Cd74n_Young_vs_Cd74p_Old_wilcox_lfc0.1.csv,"Ldb3",0.000413195749351005,-0.128081504729968,0.399,0.499,1
Stem.Cd74n_Young_vs_Cd74p_Old_wilcox_lfc0.1.csv,"Pcbd1",0.000414137308506976,0.108071168241381,0.885,0.839,1
Stem.Cd74n_Young_vs_Cd74p_Old_wilcox_lfc0.1.csv,"Atp1b3",0.000419785269355278,0.110198329564816,0.423,0.34,1
Stem.Cd74n_Young_vs_Cd74p_Old_wilcox_lfc0.1.csv,"Bcap31",0.000422291139207696,0.103465860631429,0.928,0.914,1
Stem.Cd74n_Young_vs_Cd74p_Old_wilcox_lfc0.1.csv,"Pef1",0.000429700192816605,-0.100805122036513,0.423,0.552,1
Stem.Cd74n_Young_vs_Cd74p_Old_wilcox_lfc0.1.csv,"Fabp2",0.000433874195278272,0.125686421019409,0.974,0.968,1
Stem.Cd74n_Young_vs_Cd74p_Old_wilcox_lfc0.1.csv,"Chpt1",0.000461835413816869,0.113965937400817,0.529,0.45,1
Stem.Cd74n_Young_vs_Cd74p_Old_wilcox_lfc0.1.csv,"Golm1",0.00046237186625136,-0.118616949788268,0.618,0.71,1
Stem.Cd74n_Young_vs_Cd74p_Old_wilcox_lfc0.1.csv,"Eps8l3",0.000481404344945104,-0.130941922527987,0.797,0.847,1
Stem.Cd74n_Young_vs_Cd74p_Old_wilcox_lfc0.1.csv,"Ppid",0.000484629125847753,0.124238614520614,0.839,0.804,1
Stem.Cd74n_Young_vs_Cd74p_Old_wilcox_lfc0.1.csv,"Slbp",0.000492473366803259,0.103577672079727,0.811,0.777,1
Stem.Cd74n_Young_vs_Cd74p_Old_wilcox_lfc0.1.csv,"Chchd7",0.000523216115514538,0.110693160382963,0.703,0.627,1
Stem.Cd74n_Young_vs_Cd74p_Old_wilcox_lfc0.1.csv,"St3gal6",0.00055708279218767,0.102688263896019,0.591,0.485,1
Stem.Cd74n_Young_vs_Cd74p_Old_wilcox_lfc0.1.csv,"B4galnt1",0.000575779868351821,0.135862529909342,0.863,0.845,1
Stem.Cd74n_Young_vs_Cd74p_Old_wilcox_lfc0.1.csv,"Srpk1",0.000582767942527539,0.12811033390288,0.799,0.761,1
Stem.Cd74n_Young_vs_Cd74p_Old_wilcox_lfc0.1.csv,"Upf3b",0.000631874030310569,-0.115582369666587,0.573,0.678,1
Stem.Cd74n_Young_vs_Cd74p_Old_wilcox_lfc0.1.csv,"Umps",0.000637438745409869,0.120095680438195,0.511,0.426,1
Stem.Cd74n_Young_vs_Cd74p_Old_wilcox_lfc0.1.csv,"Krtcap3",0.000639012201549089,-0.11979670633901,0.766,0.823,1
Stem.Cd74n_Young_vs_Cd74p_Old_wilcox_lfc0.1.csv,"Ndufaf8",0.000640837800579668,0.1158996007426,0.728,0.66,1
Stem.Cd74n_Young_vs_Cd74p_Old_wilcox_lfc0.1.csv,"Agpat2",0.00064457089748486,0.106949496891513,0.458,0.373,1
Stem.Cd74n_Young_vs_Cd74p_Old_wilcox_lfc0.1.csv,"Epsti1",0.000678027339727882,-0.106102746197819,0.417,0.536,1
Stem.Cd74n_Young_vs_Cd74p_Old_wilcox_lfc0.1.csv,"Tipin",0.000688419461094632,0.128028731980494,0.578,0.48,1
Stem.Cd74n_Young_vs_Cd74p_Old_wilcox_lfc0.1.csv,"Acads",0.000699221032136939,0.120296262035082,0.675,0.601,1
Stem.Cd74n_Young_vs_Cd74p_Old_wilcox_lfc0.1.csv,"Hspa1a",0.000712841450884897,0.119727912435513,0.239,0.147,1
Stem.Cd74n_Young_vs_Cd74p_Old_wilcox_lfc0.1.csv,"X1700021F05Rik",0.000722863785197615,0.11091017968236,0.56,0.475,1
Stem.Cd74n_Young_vs_Cd74p_Old_wilcox_lfc0.1.csv,"Calm3",0.000749558087566076,-0.109845029439932,0.929,0.949,1
Stem.Cd74n_Young_vs_Cd74p_Old_wilcox_lfc0.1.csv,"Etfbkmt",0.000769346370368613,0.110420977524183,0.384,0.303,1
Stem.Cd74n_Young_vs_Cd74p_Old_wilcox_lfc0.1.csv,"Slc39a5",0.000769652288604127,0.110716183862237,0.687,0.611,1
Stem.Cd74n_Young_vs_Cd74p_Old_wilcox_lfc0.1.csv,"Stip1",0.000777504700880885,0.105349415715336,0.715,0.66,1
Stem.Cd74n_Young_vs_Cd74p_Old_wilcox_lfc0.1.csv,"Tm9sf3",0.000823748176227026,0.109176580380837,0.822,0.745,1
Stem.Cd74n_Young_vs_Cd74p_Old_wilcox_lfc0.1.csv,"Slc29a1",0.000828941501540508,0.102264600334483,0.356,0.257,1
Stem.Cd74n_Young_vs_Cd74p_Old_wilcox_lfc0.1.csv,"Mrfap1",0.00083390906711492,0.102657757572031,0.957,0.965,1
Stem.Cd74n_Young_vs_Cd74p_Old_wilcox_lfc0.1.csv,"Sephs2",0.000855189090411347,-0.108337361779891,0.873,0.93,1
Stem.Cd74n_Young_vs_Cd74p_Old_wilcox_lfc0.1.csv,"Dnajb11",0.000874187777976415,0.118961739332694,0.675,0.643,1
Stem.Cd74n_Young_vs_Cd74p_Old_wilcox_lfc0.1.csv,"Gnl3",0.000881114081729328,0.12031407589505,0.745,0.708,1
Stem.Cd74n_Young_vs_Cd74p_Old_wilcox_lfc0.1.csv,"Mfge8",0.000913070327888287,0.100259662358128,0.596,0.512,1
Stem.Cd74n_Young_vs_Cd74p_Old_wilcox_lfc0.1.csv,"Olfm4",0.000968270850081852,-0.180018849153786,0.75,0.791,1
Stem.Cd74n_Young_vs_Cd74p_Old_wilcox_lfc0.1.csv,"Nmd3",0.00103311644490762,0.105525806628487,0.511,0.429,1
Stem.Cd74n_Young_vs_Cd74p_Old_wilcox_lfc0.1.csv,"Mtx2",0.00108966332853199,0.100964531290629,0.799,0.761,1
Stem.Cd74n_Young_vs_Cd74p_Old_wilcox_lfc0.1.csv,"Gsr",0.0011261034411532,-0.116434320622625,0.759,0.836,1
Stem.Cd74n_Young_vs_Cd74p_Old_wilcox_lfc0.1.csv,"Lgr4",0.00112848189397587,-0.105729591526331,0.359,0.472,1
Stem.Cd74n_Young_vs_Cd74p_Old_wilcox_lfc0.1.csv,"Mrpl1",0.00114592342882448,0.106504338365508,0.55,0.453,1
Stem.Cd74n_Young_vs_Cd74p_Old_wilcox_lfc0.1.csv,"Naa15",0.00117590371495093,0.11613729872281,0.583,0.52,1
Stem.Cd74n_Young_vs_Cd74p_Old_wilcox_lfc0.1.csv,"Myo6",0.00124251936109902,-0.112237901214461,0.601,0.676,1
Stem.Cd74n_Young_vs_Cd74p_Old_wilcox_lfc0.1.csv,"Scly",0.00141782666834639,-0.100033789356735,0.277,0.375,1
Stem.Cd74n_Young_vs_Cd74p_Old_wilcox_lfc0.1.csv,"Rnase4",0.00149056071420891,-0.125313769033864,0.341,0.432,1
Stem.Cd74n_Young_vs_Cd74p_Old_wilcox_lfc0.1.csv,"Dhrs7",0.00153268286317714,-0.103353388852644,0.486,0.595,1
Stem.Cd74n_Young_vs_Cd74p_Old_wilcox_lfc0.1.csv,"Churc1",0.00156071403810444,-0.112367407095026,0.731,0.791,1
Stem.Cd74n_Young_vs_Cd74p_Old_wilcox_lfc0.1.csv,"Ucp2",0.00156872255904206,0.112065029370162,0.794,0.745,1
Stem.Cd74n_Young_vs_Cd74p_Old_wilcox_lfc0.1.csv,"Prkca",0.0016112970574706,-0.124366300806494,0.545,0.619,1
Stem.Cd74n_Young_vs_Cd74p_Old_wilcox_lfc0.1.csv,"Aoc1",0.00181868919295064,0.106084820230978,0.544,0.456,1
Stem.Cd74n_Young_vs_Cd74p_Old_wilcox_lfc0.1.csv,"Dll1",0.00182635193197057,-0.116249295729867,0.1,0.169,1
Stem.Cd74n_Young_vs_Cd74p_Old_wilcox_lfc0.1.csv,"Ubxn4",0.00185339105119088,0.103680004894347,0.768,0.718,1
Stem.Cd74n_Young_vs_Cd74p_Old_wilcox_lfc0.1.csv,"Dut",0.0019978414040435,0.100557888698487,0.865,0.839,1
Stem.Cd74n_Young_vs_Cd74p_Old_wilcox_lfc0.1.csv,"Bri3bp",0.00199981180335022,0.110082335962378,0.565,0.501,1
Stem.Cd74n_Young_vs_Cd74p_Old_wilcox_lfc0.1.csv,"Slfn9",0.00224768270780075,0.145592050108613,0.432,0.359,1
Stem.Cd74n_Young_vs_Cd74p_Old_wilcox_lfc0.1.csv,"Mgst3",0.00233803462329373,0.105569375007339,0.98,0.989,1
Stem.Cd74n_Young_vs_Cd74p_Old_wilcox_lfc0.1.csv,"Atp6v0b",0.00235297773962489,0.1018081851031,0.751,0.721,1
Stem.Cd74n_Young_vs_Cd74p_Old_wilcox_lfc0.1.csv,"Eef1e1",0.00244298184072761,0.114481180646936,0.73,0.686,1
Stem.Cd74n_Young_vs_Cd74p_Old_wilcox_lfc0.1.csv,"AY761184",0.0024437279112008,0.132393150300862,0.784,0.745,1
Stem.Cd74n_Young_vs_Cd74p_Old_wilcox_lfc0.1.csv,"Naa50",0.00272964288757949,0.106147210348619,0.791,0.764,1
Stem.Cd74n_Young_vs_Cd74p_Old_wilcox_lfc0.1.csv,"Zbtb7a",0.00275510279241861,0.103476949820952,0.783,0.764,1
Stem.Cd74n_Young_vs_Cd74p_Old_wilcox_lfc0.1.csv,"Ube2g1",0.00280749469829622,0.102922366571779,0.476,0.397,1
Stem.Cd74n_Young_vs_Cd74p_Old_wilcox_lfc0.1.csv,"Aldh2",0.00282555094688293,0.100547092172068,0.787,0.759,1
Stem.Cd74n_Young_vs_Cd74p_Old_wilcox_lfc0.1.csv,"Sfxn1",0.00287068299551209,0.101137431596978,0.901,0.89,1
Stem.Cd74n_Young_vs_Cd74p_Old_wilcox_lfc0.1.csv,"Rbm5",0.00287129579357623,-0.110043386877301,0.499,0.584,1
Stem.Cd74n_Young_vs_Cd74p_Old_wilcox_lfc0.1.csv,"Purb",0.00288790195810177,0.113221458308241,0.614,0.534,1
Stem.Cd74n_Young_vs_Cd74p_Old_wilcox_lfc0.1.csv,"Hist1h2bc",0.00295564130834862,0.211541664013198,0.746,0.702,1
Stem.Cd74n_Young_vs_Cd74p_Old_wilcox_lfc0.1.csv,"Ctss",0.0033468861461912,-0.104343653876894,0.509,0.614,1
Stem.Cd74n_Young_vs_Cd74p_Old_wilcox_lfc0.1.csv,"Rpl9.ps6",0.00349957488933071,-0.101824913892952,0.736,0.783,1
Stem.Cd74n_Young_vs_Cd74p_Old_wilcox_lfc0.1.csv,"Defa29",0.00373781836762826,0.105602077131606,0.381,0.273,1
Stem.Cd74n_Young_vs_Cd74p_Old_wilcox_lfc0.1.csv,"Tmem45b",0.00421101208018313,-0.116612421017983,0.731,0.788,1
Stem.Cd74n_Young_vs_Cd74p_Old_wilcox_lfc0.1.csv,"Med1",0.00454456317942972,-0.108430989284547,0.395,0.488,1
Stem.Cd74n_Young_vs_Cd74p_Old_wilcox_lfc0.1.csv,"Ppp1r14d",0.00467264544081458,-0.109449428399942,0.72,0.791,1
Stem.Cd74n_Young_vs_Cd74p_Old_wilcox_lfc0.1.csv,"Hells",0.00474876308324659,0.130412574925674,0.537,0.469,1
Stem.Cd74n_Young_vs_Cd74p_Old_wilcox_lfc0.1.csv,"Gpx1",0.00476850375784295,0.126501700329635,0.984,0.984,1
Stem.Cd74n_Young_vs_Cd74p_Old_wilcox_lfc0.1.csv,"Malat1",0.00513872703084999,0.127618010484188,0.998,1,1
Stem.Cd74n_Young_vs_Cd74p_Old_wilcox_lfc0.1.csv,"Ftl1.ps1",0.0053170027397105,-0.100120762070222,0.272,0.351,1
Stem.Cd74n_Young_vs_Cd74p_Old_wilcox_lfc0.1.csv,"Hagh",0.00559514104798307,0.102861183200466,0.572,0.507,1
Stem.Cd74n_Young_vs_Cd74p_Old_wilcox_lfc0.1.csv,"X1810022K09Rik",0.0057584899996545,-0.10470345687496,0.728,0.791,1
Stem.Cd74n_Young_vs_Cd74p_Old_wilcox_lfc0.1.csv,"Glul",0.00636902188674852,0.115301205368885,0.659,0.619,1
Stem.Cd74n_Young_vs_Cd74p_Old_wilcox_lfc0.1.csv,"Cldn2",0.00664961477704281,0.118922715235501,0.722,0.718,1
Stem.Cd74n_Young_vs_Cd74p_Old_wilcox_lfc0.1.csv,"Dkc1",0.00733530873406501,0.115629207670684,0.746,0.721,1
Stem.Cd74n_Young_vs_Cd74p_Old_wilcox_lfc0.1.csv,"Rbp7",0.00747619672523626,0.119835804938004,0.283,0.22,1
Stem.Cd74n_Young_vs_Cd74p_Old_wilcox_lfc0.1.csv,"Selenoh",0.00784452690075938,0.10473126390874,0.806,0.799,1
Stem.Cd74n_Young_vs_Cd74p_Old_wilcox_lfc0.1.csv,"Lsm12",0.00800908979756935,0.104566735072707,0.667,0.617,1
Stem.Cd74n_Young_vs_Cd74p_Old_wilcox_lfc0.1.csv,"Smco4",0.00876420344629681,0.111146539991902,0.557,0.512,1
Stem.Cd74n_Young_vs_Cd74p_Old_wilcox_lfc0.1.csv,"Rgcc",0.0103044420313474,0.120045624792159,0.484,0.421,1
Stem.Cd74n_Young_vs_Cd74p_Old_wilcox_lfc0.1.csv,"Txnrd1",0.0130892692508242,0.103700725160588,0.708,0.67,1
Stem.Cd74n_Young_vs_Cd74p_Old_wilcox_lfc0.1.csv,"Sox9",0.019413968472398,0.129969096018795,0.68,0.651,1
Stem.Cd74n_Young_vs_Cd74p_Old_wilcox_lfc0.1.csv,"X2810417H13Rik",0.021311785734063,-0.123738898279652,0.433,0.517,1
Stem.Cd74n_Young_vs_Cd74p_Old_wilcox_lfc0.1.csv,"Dctd",0.0230591709275787,0.101932455490248,0.427,0.386,1
Stem.Cd74n_Young_vs_Cd74p_Old_wilcox_lfc0.1.csv,"Ghrl",0.0260697261230974,-0.19204269129256,0.066,0.107,1
Stem.Cd74n_Young_vs_Cd74p_Old_wilcox_lfc0.1.csv,"Tns3",0.0316057942732732,0.115175519401902,0.463,0.41,1
Stem.Cd74n_Young_vs_Cd74p_Old_wilcox_lfc0.1.csv,"Herpud1",0.0335910752049117,0.102833801370401,0.707,0.692,1
Stem.Cd74n_Young_vs_Cd74p_Old_wilcox_lfc0.1.csv,"Fam13a",0.0536654167159143,0.112919439187134,0.514,0.48,1
Stem.Cd74n_Young_vs_Cd74p_Old_wilcox_lfc0.1.csv,"Cbx3",0.119370563432766,-0.128349232900675,0.684,0.716,1
Stem.Cd74n_Young_vs_Cd74p_Old_wilcox_lfc0.1.csv,"Fcgbp",0.195398950355505,0.112322370383916,0.114,0.145,1
Stem.Cd74n_Young_vs_Cd74p_Old_wilcox_lfc0.1.csv,"Actb",0.234196315331308,-0.139702857683006,0.992,0.992,1
